og_distance,og_popularity,xi_level_0,xi_level_0.25,xi_level_0.5,xi_level_0.75,xi_level_1
5.70378,-9.76188,-1.84798,-2.80129,-3.20217,-3.43419,-3.58236
5.53953,-8.39889,-1.84798,-2.80128,-3.20217,-3.43419,-3.58236
5.59221,-8.89355,-1.84798,-2.80129,-3.20217,-3.43419,-3.58236
6.28536,-16.923,-1.84798,-2.80129,-3.20217,-3.43419,-3.58236
6.2977,-17.1436,-1.84798,-2.80129,-3.20217,-3.43419,-3.58236
6.69359,-24.9786,-1.84798,-2.80129,-3.20217,-3.43419,-3.58236
6.05036,-13.5717,-1.84798,-2.80129,-3.20217,-3.43419,-3.58236
6.58615,-22.5891,-1.84798,-2.80129,-3.20217,-3.43419,-3.58236
6.33866,-17.8251,-1.84798,-2.80129,-3.20217,-3.43419,-3.58236
6.45804,-19.9782,-1.84798,-2.80129,-3.20217,-3.43419,-3.58236
6.74848,-26.2658,-1.84798,-2.80129,-3.20217,-3.43419,-3.58236
5.72339,-10.0194,-1.84798,-2.80129,-3.20217,-3.43419,-3.58236
6.05036,-13.5716,-1.84798,-2.80129,-3.20217,-3.43419,-3.58236
4.09434,-2.64378,-1.84798,-2.80129,-3.20216,-3.43417,-3.58234
5.95113,-12.3693,-1.84798,-2.80129,-3.20217,-3.43419,-3.58236
5.8998,-11.7771,-1.84798,-2.80129,-3.20217,-3.43419,-3.58236
6.47543,-20.3138,-1.84798,-2.80129,-3.20217,-3.43419,-3.58236
6.07949,-13.9323,-1.84798,-2.80129,-3.20217,-3.43419,-3.58236
6.4019,-18.9336,-1.84798,-2.80129,-3.20217,-3.43419,-3.58236
6.98626,-33.199,-1.84798,-2.80129,-3.20217,-3.43419,-3.58236
6.33866,-17.8208,-1.84798,-2.80129,-3.20217,-3.43419,-3.58236
6.42606,-19.3618,-1.84798,-2.80129,-3.20217,-3.43419,-3.58236
6.9545,-32.1045,-1.84798,-2.80129,-3.20217,-3.43419,-3.58236
6.64428,-23.8747,-1.84798,-2.80129,-3.20217,-3.43419,-3.58236
4.78749,-4.20173,-1.84798,-2.80128,-3.20216,-3.43418,-3.58235
6.85508,-29.2114,-1.84798,-2.80129,-3.20217,-3.43419,-3.58236
6.45804,-19.9758,-1.84798,-2.80129,-3.20217,-3.43419,-3.58236
6.33866,-17.7432,-1.84798,-2.80129,-3.20217,-3.43419,-3.58236
6.9545,-32.2453,-1.84798,-2.80129,-3.20217,-3.43419,-3.58236
6.55434,-21.8305,-1.84798,-2.80129,-3.20217,-3.43419,-3.58236
-Inf,-0.806028,-1.84798,-2.80129,-3.20217,-3.43419,-3.58236
5.48064,-8.03977,-1.84798,-2.80128,-3.20217,-3.43419,-3.58236
6.18154,-15.3353,-1.84798,-2.80129,-3.20217,-3.43419,-3.58236
6.4019,-18.9311,-1.84798,-2.80129,-3.20217,-3.43419,-3.58236
6.80239,-27.8421,-1.84798,-2.80129,-3.20217,-3.43419,-3.58236
6.07949,-13.948,-1.84798,-2.80129,-3.20217,-3.43419,-3.58236
7.07226,-35.968,-1.84798,-2.80129,-3.20217,-3.43419,-3.58236
6.80461,-27.8996,-1.84798,-2.80129,-3.20217,-3.43419,-3.58236
6.83674,-28.7056,-1.84798,-2.80129,-3.20217,-3.43419,-3.58236
6.07949,-13.9341,-1.84798,-2.80129,-3.20217,-3.43419,-3.58236
5.99768,-12.8981,-1.84798,-2.80129,-3.20217,-3.43419,-3.58236
5.70378,-9.84314,-1.84798,-2.80129,-3.20217,-3.43419,-3.58236
6.77264,-27.0474,-1.84798,-2.80129,-3.20217,-3.43419,-3.58236
7.06047,-35.5533,-1.84798,-2.80129,-3.20217,-3.43419,-3.58236
5.37682,-7.33362,-1.84798,-2.80128,-3.20216,-3.43419,-3.58236
6.64428,-23.7207,-1.84798,-2.80129,-3.20217,-3.43419,-3.58236
6.42606,-19.3553,-1.84798,-2.80129,-3.20217,-3.43419,-3.58236
6.62247,-23.3841,-1.84798,-2.80129,-3.20217,-3.43419,-3.58236
6.59295,-22.7413,-1.84798,-2.80129,-3.20217,-3.43419,-3.58236
6.72827,-25.8918,-1.84798,-2.80129,-3.20217,-3.43419,-3.58236
5.24564,-6.53582,-1.84798,-2.80128,-3.20216,-3.43419,-3.58236
6.72569,-25.8368,-1.84798,-2.80129,-3.20217,-3.43419,-3.58236
6.68524,-24.8382,-1.84798,-2.80129,-3.20217,-3.43419,-3.58236
4.78749,-4.44376,-1.84798,-2.80129,-3.20216,-3.43418,-3.58235
6.06997,-13.6653,-1.84798,-2.80129,-3.20217,-3.43419,-3.58236
6.45804,-19.9782,-1.84798,-2.80129,-3.20217,-3.43419,-3.58236
6.72827,-25.8943,-1.84798,-2.80129,-3.20217,-3.43419,-3.58236
6.94289,-31.833,-1.84798,-2.80129,-3.20217,-3.43419,-3.58236
6.88421,-29.985,-1.84798,-2.80129,-3.20217,-3.43419,-3.58236
6.94289,-31.833,-1.84798,-2.80129,-3.20217,-3.43419,-3.58236
5.77799,-10.5165,-1.84798,-2.80129,-3.20217,-3.43419,-3.58236
6.92756,-31.4304,-1.84798,-2.80129,-3.20217,-3.43419,-3.58236
6.72827,-25.9119,-1.84798,-2.80129,-3.20217,-3.43419,-3.58236
6.86888,-29.5765,-1.84798,-2.80129,-3.20217,-3.43419,-3.58236
7.0374,-34.8935,-1.84798,-2.80129,-3.20217,-3.43419,-3.58236
6.23957,-16.2017,-1.84798,-2.80129,-3.20217,-3.43419,-3.58236
5.70378,-9.84396,-1.84798,-2.80129,-3.20217,-3.43419,-3.58236
6.12457,-14.539,-1.84798,-2.80129,-3.20217,-3.43419,-3.58236
5.82721,-11.0261,-1.84798,-2.80129,-3.20217,-3.43419,-3.58236
6.77264,-27.0499,-1.84798,-2.80129,-3.20217,-3.43419,-3.58236
6.2977,-17.1434,-1.84798,-2.80129,-3.20217,-3.43419,-3.58236
5.85752,-11.3395,-1.84798,-2.80129,-3.20217,-3.43419,-3.58236
6.90091,-30.6258,-1.84798,-2.80129,-3.20217,-3.43419,-3.58236
6.05036,-13.3998,-1.84798,-2.80129,-3.20217,-3.43419,-3.58236
6.86888,-29.5265,-1.84798,-2.80129,-3.20217,-3.43419,-3.58236
5.70378,-9.84402,-1.84798,-2.80129,-3.20217,-3.43419,-3.58236
6.76311,-26.7885,-1.84798,-2.80129,-3.20217,-3.43419,-3.58236
6.2977,-17.1435,-1.84798,-2.80129,-3.20217,-3.43419,-3.58236
6.39693,-18.8232,-1.84798,-2.80129,-3.20217,-3.43419,-3.58236
6.55067,-21.8146,-1.84798,-2.80129,-3.20217,-3.43419,-3.58236
5.99768,-12.816,-1.84798,-2.80129,-3.20217,-3.43419,-3.58236
6.05036,-13.5487,-1.84798,-2.80129,-3.20217,-3.43419,-3.58236
6.55067,-21.8211,-1.84798,-2.80129,-3.20217,-3.43419,-3.58236
5.77799,-10.5235,-1.84798,-2.80129,-3.20217,-3.43419,-3.58236
6.39693,-18.5924,-1.84798,-2.80129,-3.20217,-3.43419,-3.58236
5.37682,-7.25204,-1.84798,-2.80128,-3.20216,-3.43419,-3.58236
6.8766,-29.7628,-1.84798,-2.80129,-3.20217,-3.43419,-3.58236
6.67099,-24.4152,-1.84798,-2.80129,-3.20217,-3.43419,-3.58236
6.74848,-26.4244,-1.84798,-2.80129,-3.20217,-3.43419,-3.58236
5.82721,-11.0219,-1.84798,-2.80129,-3.20217,-3.43419,-3.58236
6.84497,-29.0025,-1.84798,-2.80129,-3.20217,-3.43419,-3.58236
4.89906,-4.86875,-1.84798,-2.80129,-3.20216,-3.43418,-3.58235
6.49636,-20.7228,-1.84798,-2.80129,-3.20217,-3.43419,-3.58236
6.47543,-20.2317,-1.84798,-2.80129,-3.20217,-3.43419,-3.58236
6.49636,-20.7229,-1.84798,-2.80129,-3.20217,-3.43419,-3.58236
6.85508,-29.2226,-1.84798,-2.80129,-3.20217,-3.43419,-3.58236
6.7334,-25.6691,-1.84798,-2.80129,-3.20217,-3.43419,-3.58236
5.59221,-8.8935,-1.84798,-2.80129,-3.20217,-3.43419,-3.58236
6.75585,-26.6134,-1.84798,-2.80129,-3.20217,-3.43419,-3.58236
6.86693,-29.4849,-1.84798,-2.80129,-3.20217,-3.43419,-3.58236
6.04025,-13.4372,-1.84798,-2.80129,-3.20217,-3.43419,-3.58236
5.99768,-12.9181,-1.84798,-2.80129,-3.20217,-3.43419,-3.58236
6.7435,-26.2989,-1.84798,-2.80129,-3.20217,-3.43419,-3.58236
6.5085,-20.7941,-1.84798,-2.80129,-3.20217,-3.43419,-3.58236
6.95614,-32.3097,-1.84798,-2.80129,-3.20217,-3.43419,-3.58236
6.12457,-14.5521,-1.84798,-2.80129,-3.20217,-3.43419,-3.58236
6.05036,-13.5581,-1.84798,-2.80129,-3.20217,-3.43419,-3.58236
6.2041,-15.6649,-1.84798,-2.80129,-3.20217,-3.43419,-3.58236
5.59221,-8.89193,-1.84798,-2.80129,-3.20217,-3.43419,-3.58236
5.37682,-7.25227,-1.84798,-2.80128,-3.20216,-3.43419,-3.58236
5.53953,-8.47719,-1.84798,-2.80128,-3.20217,-3.43419,-3.58236
6.66224,-24.1523,-1.84798,-2.80129,-3.20217,-3.43419,-3.58236
6.29157,-17.0431,-1.84798,-2.80129,-3.20217,-3.43419,-3.58236
7.02758,-34.5794,-1.84798,-2.80129,-3.20217,-3.43419,-3.58236
6.05036,-13.5718,-1.84798,-2.80129,-3.20217,-3.43419,-3.58236
6.81121,-28.0009,-1.84798,-2.80129,-3.20217,-3.43419,-3.58236
5.95113,-12.2105,-1.84798,-2.80129,-3.20217,-3.43419,-3.58236
6.52811,-21.2087,-1.84798,-2.80129,-3.20217,-3.43419,-3.58236
6.68524,-24.7005,-1.84798,-2.80129,-3.20217,-3.43419,-3.58236
6.98472,-33.0433,-1.84798,-2.80129,-3.20217,-3.43419,-3.58236
6.14978,-14.8886,-1.84798,-2.80129,-3.20217,-3.43419,-3.58236
6.41654,-19.1862,-1.84798,-2.80129,-3.20217,-3.43419,-3.58236
6.70452,-25.3266,-1.84798,-2.80129,-3.20217,-3.43419,-3.58236
5.93878,-12.0697,-1.84798,-2.80129,-3.20217,-3.43419,-3.58236
6.78659,-27.338,-1.84798,-2.80129,-3.20217,-3.43419,-3.58236
6.68524,-24.6976,-1.84798,-2.80129,-3.20217,-3.43419,-3.58236
6.60956,-23.0266,-1.84798,-2.80129,-3.20217,-3.43419,-3.58236
5.19296,-6.24371,-1.84798,-2.80128,-3.20216,-3.43419,-3.58236
6.2041,-15.6866,-1.84798,-2.80129,-3.20217,-3.43419,-3.58236
6.06997,-13.8241,-1.84798,-2.80129,-3.20217,-3.43419,-3.58236
6.41654,-19.1996,-1.84798,-2.80129,-3.20217,-3.43419,-3.58236
6.31567,-17.4384,-1.84798,-2.80129,-3.20217,-3.43419,-3.58236
6.28536,-16.9434,-1.84798,-2.80129,-3.20217,-3.43419,-3.58236
5.93878,-12.1351,-1.84798,-2.80129,-3.20217,-3.43419,-3.58236
6.18154,-15.3353,-1.84798,-2.80129,-3.20217,-3.43419,-3.58236
5.93878,-12.2279,-1.84798,-2.80129,-3.20217,-3.43419,-3.58236
6.52811,-21.3652,-1.84798,-2.80129,-3.20217,-3.43419,-3.58236
6.49224,-20.6232,-1.84798,-2.80129,-3.20217,-3.43419,-3.58236
6.98626,-33.1219,-1.84798,-2.80129,-3.20217,-3.43419,-3.58236
6.88421,-30.1247,-1.84798,-2.80129,-3.20217,-3.43419,-3.58236
6.2041,-15.6864,-1.84798,-2.80129,-3.20217,-3.43419,-3.58236
6.74848,-26.3425,-1.84798,-2.80129,-3.20217,-3.43419,-3.58236
5.8998,-11.6204,-1.84798,-2.80129,-3.20217,-3.43419,-3.58236
6.86693,-29.6285,-1.84798,-2.80129,-3.20217,-3.43419,-3.58236
5.51095,-8.26474,-1.84798,-2.80128,-3.20217,-3.43419,-3.58236
5.85752,-11.3395,-1.84798,-2.80129,-3.20217,-3.43419,-3.58236
6.83674,-28.7739,-1.84798,-2.80129,-3.20217,-3.43419,-3.58236
5.95113,-12.2875,-1.84798,-2.80129,-3.20217,-3.43419,-3.58236
7.14338,-38.643,-1.84798,-2.80129,-3.20217,-3.43419,-3.58236
6.04025,-13.4263,-1.84798,-2.80129,-3.20217,-3.43419,-3.58236
5.77799,-10.5217,-1.84798,-2.80129,-3.20217,-3.43419,-3.58236
5.85752,-11.258,-1.84798,-2.80129,-3.20217,-3.43419,-3.58236
6.55434,-21.8986,-1.84798,-2.80129,-3.20217,-3.43419,-3.58236
6.44002,-19.5546,-1.84798,-2.80129,-3.20217,-3.43419,-3.58236
5.93878,-12.2254,-1.84798,-2.80129,-3.20217,-3.43419,-3.58236
6.70452,-25.3246,-1.84798,-2.80129,-3.20217,-3.43419,-3.58236
5.77799,-10.5111,-1.84798,-2.80129,-3.20217,-3.43419,-3.58236
4.89906,-4.86803,-1.84798,-2.80128,-3.20216,-3.43418,-3.58235
6.77264,-26.8804,-1.84798,-2.80129,-3.20217,-3.43419,-3.58236
6.85508,-29.1435,-1.84798,-2.80129,-3.20217,-3.43419,-3.58236
6.72569,-25.8495,-1.84798,-2.80129,-3.20217,-3.43419,-3.58236
5.51095,-8.09341,-1.84798,-2.80128,-3.20217,-3.43419,-3.58236
6.72569,-25.5574,-1.84798,-2.80129,-3.20217,-3.43419,-3.58236
6.58271,-22.4845,-1.84798,-2.80129,-3.20217,-3.43419,-3.58236
6.65929,-24.1618,-1.84798,-2.80129,-3.20217,-3.43419,-3.58236
6.24638,-16.3076,-1.84798,-2.80129,-3.20217,-3.43419,-3.58236
6.77264,-26.9701,-1.84798,-2.80129,-3.20217,-3.43419,-3.58236
6.72827,-25.9132,-1.84798,-2.80129,-3.20217,-3.43419,-3.58236
5.85752,-11.3399,-1.84798,-2.80129,-3.20217,-3.43419,-3.58236
5.99768,-12.9187,-1.84798,-2.80129,-3.20217,-3.43419,-3.58236
6.70452,-25.0335,-1.84798,-2.80129,-3.20217,-3.43419,-3.58236
6.55434,-21.9099,-1.84798,-2.80129,-3.20217,-3.43419,-3.58236
6.72827,-25.622,-1.84798,-2.80129,-3.20217,-3.43419,-3.58236
6.07949,-13.7874,-1.84798,-2.80129,-3.20217,-3.43419,-3.58236
5.70378,-9.84366,-1.84798,-2.80129,-3.20217,-3.43419,-3.58236
5.77799,-10.5371,-1.84798,-2.80129,-3.20217,-3.43419,-3.58236
7.12039,-37.7768,-1.84798,-2.80129,-3.20217,-3.43419,-3.58236
6.52811,-21.3671,-1.84798,-2.80129,-3.20217,-3.43419,-3.58236
6.9545,-32.1185,-1.84798,-2.80129,-3.20217,-3.43419,-3.58236
4.44092,-3.38921,-1.84798,-2.80129,-3.20216,-3.43418,-3.58234
6.24638,-16.3074,-1.84798,-2.80129,-3.20217,-3.43419,-3.58236
5.70378,-9.84361,-1.84798,-2.80129,-3.20217,-3.43419,-3.58236
6.90091,-30.5552,-1.84798,-2.80129,-3.20217,-3.43419,-3.58236
6.5085,-20.968,-1.84798,-2.80129,-3.20217,-3.43419,-3.58236
6.66224,-24.3125,-1.84798,-2.80129,-3.20217,-3.43419,-3.58236
6.66224,-24.3111,-1.84798,-2.80129,-3.20217,-3.43419,-3.58236
6.72827,-25.9013,-1.84798,-2.80129,-3.20217,-3.43419,-3.58236
6.52811,-21.3533,-1.84798,-2.80129,-3.20217,-3.43419,-3.58236
6.92756,-31.4304,-1.84798,-2.80129,-3.20217,-3.43419,-3.58236
6.55067,-21.7517,-1.84798,-2.80129,-3.20217,-3.43419,-3.58236
5.19296,-6.00361,-1.84798,-2.80128,-3.20216,-3.43418,-3.58236
6.62247,-23.3935,-1.84798,-2.80129,-3.20217,-3.43419,-3.58236
6.79343,-27.6003,-1.84798,-2.80129,-3.20217,-3.43419,-3.58236
6.2041,-15.6869,-1.84798,-2.80129,-3.20217,-3.43419,-3.58236
5.93878,-12.2277,-1.84798,-2.80129,-3.20217,-3.43419,-3.58236
6.92582,-31.3884,-1.84798,-2.80129,-3.20217,-3.43419,-3.58236
6.2041,-15.6867,-1.84798,-2.80129,-3.20217,-3.43419,-3.58236
6.8917,-30.3636,-1.84798,-2.80129,-3.20217,-3.43419,-3.58236
5.48064,-8.04281,-1.84798,-2.80128,-3.20217,-3.43419,-3.58236
4.09434,-2.64378,-1.84798,-2.80129,-3.20216,-3.43417,-3.58234
6.58271,-22.3604,-1.84798,-2.80129,-3.20217,-3.43419,-3.58236
6.33866,-17.8042,-1.84798,-2.80129,-3.20217,-3.43419,-3.58236
6.62247,-23.1049,-1.84798,-2.80129,-3.20217,-3.43419,-3.58236
6.80239,-27.7506,-1.84798,-2.80129,-3.20217,-3.43419,-3.58236
6.64428,-23.8946,-1.84798,-2.80129,-3.20217,-3.43419,-3.58236
6.34425,-17.9184,-1.84798,-2.80129,-3.20217,-3.43419,-3.58236
6.18154,-15.3542,-1.84798,-2.80129,-3.20217,-3.43419,-3.58236
6.18154,-15.3419,-1.84798,-2.80129,-3.20217,-3.43419,-3.58236
6.49636,-20.7079,-1.84798,-2.80129,-3.20217,-3.43419,-3.58236
6.84293,-28.8771,-1.84798,-2.80129,-3.20217,-3.43419,-3.58236
6.05036,-13.5714,-1.84798,-2.80129,-3.20217,-3.43419,-3.58236
6.93952,-31.7782,-1.84798,-2.80129,-3.20217,-3.43419,-3.58236
6.06997,-13.8239,-1.84798,-2.80129,-3.20217,-3.43419,-3.58236
5.24564,-6.53376,-1.84798,-2.80128,-3.20216,-3.43419,-3.58236
6.87469,-29.8458,-1.84798,-2.80129,-3.20217,-3.43419,-3.58236
6.8917,-30.3519,-1.84798,-2.80129,-3.20217,-3.43419,-3.58236
5.85752,-11.3263,-1.84798,-2.80129,-3.20217,-3.43419,-3.58236
4.78749,-4.44372,-1.84798,-2.80129,-3.20216,-3.43418,-3.58235
6.74848,-26.3242,-1.84798,-2.80129,-3.20217,-3.43419,-3.58236
5.70378,-9.83965,-1.84798,-2.80129,-3.20217,-3.43419,-3.58236
6.29157,-17.0439,-1.84798,-2.80129,-3.20217,-3.43419,-3.58236
6.58271,-22.5161,-1.84798,-2.80129,-3.20217,-3.43419,-3.58236
6.52811,-21.3668,-1.84798,-2.80129,-3.20217,-3.43419,-3.58236
5.70378,-9.79068,-1.84798,-2.80129,-3.20217,-3.43419,-3.58236
6.47543,-20.3135,-1.84798,-2.80129,-3.20217,-3.43419,-3.58236
5.95113,-12.3561,-1.84798,-2.80129,-3.20217,-3.43419,-3.58236
6.66224,-24.2293,-1.84798,-2.80129,-3.20217,-3.43419,-3.58236
5.37682,-7.31271,-1.84798,-2.80128,-3.20216,-3.43419,-3.58236
5.8998,-11.7926,-1.84798,-2.80129,-3.20217,-3.43419,-3.58236
6.9545,-32.2454,-1.84798,-2.80129,-3.20217,-3.43419,-3.58236
6.41654,-19.1656,-1.84798,-2.80129,-3.20217,-3.43419,-3.58236
6.2977,-17.1434,-1.84798,-2.80129,-3.20217,-3.43419,-3.58236
6.58271,-22.5182,-1.84798,-2.80129,-3.20217,-3.43419,-3.58236
6.82201,-28.3573,-1.84798,-2.80129,-3.20217,-3.43419,-3.58236
6.69082,-24.9722,-1.84798,-2.80129,-3.20217,-3.43419,-3.58236
5.70378,-9.76205,-1.84798,-2.80129,-3.20217,-3.43419,-3.58236
5.13407,-5.91947,-1.84798,-2.80128,-3.20216,-3.43418,-3.58236
5.70378,-9.84379,-1.84798,-2.80129,-3.20217,-3.43419,-3.58236
5.95113,-12.3687,-1.84798,-2.80129,-3.20217,-3.43419,-3.58236
6.81771,-28.1789,-1.84798,-2.80129,-3.20217,-3.43419,-3.58236
6.52811,-21.2087,-1.84798,-2.80129,-3.20217,-3.43419,-3.58236
5.99768,-12.9187,-1.84798,-2.80129,-3.20217,-3.43419,-3.58236
6.69359,-25.0588,-1.84798,-2.80129,-3.20217,-3.43419,-3.58236
5.93878,-12.2279,-1.84798,-2.80129,-3.20217,-3.43419,-3.58236
5.82721,-11.0258,-1.84798,-2.80129,-3.20217,-3.43419,-3.58236
7.00587,-33.7623,-1.84798,-2.80129,-3.20217,-3.43419,-3.58236
6.69359,-25.04,-1.84798,-2.80129,-3.20217,-3.43419,-3.58236
5.53953,-8.3988,-1.84798,-2.80128,-3.20217,-3.43419,-3.58236
5.8861,-11.6097,-1.84798,-2.80129,-3.20217,-3.43419,-3.58236
5.8998,-11.7888,-1.84798,-2.80129,-3.20217,-3.43419,-3.58236
6.2977,-17.1436,-1.84798,-2.80129,-3.20217,-3.43419,-3.58236
5.77799,-10.5365,-1.84798,-2.80129,-3.20217,-3.43419,-3.58236
6.68524,-24.8547,-1.84798,-2.80129,-3.20217,-3.43419,-3.58236
6.49636,-20.7254,-1.84798,-2.80129,-3.20217,-3.43419,-3.58236
5.37682,-7.33363,-1.84798,-2.80128,-3.20216,-3.43419,-3.58236
5.48064,-8.0099,-1.84798,-2.80128,-3.20217,-3.43419,-3.58236
6.2977,-17.1387,-1.84798,-2.80129,-3.20217,-3.43419,-3.58236
6.23268,-16.1036,-1.84798,-2.80129,-3.20217,-3.43419,-3.58236
6.68524,-24.8382,-1.84798,-2.80129,-3.20217,-3.43419,-3.58236
6.06997,-13.8103,-1.84798,-2.80129,-3.20217,-3.43419,-3.58236
5.82721,-11.0254,-1.84798,-2.80129,-3.20217,-3.43419,-3.58236
6.57925,-22.4412,-1.84798,-2.80129,-3.20217,-3.43419,-3.58236
6.2977,-17.1432,-1.84798,-2.80129,-3.20217,-3.43419,-3.58236
6.5085,-20.9685,-1.84798,-2.80129,-3.20217,-3.43419,-3.58236
6.42606,-19.36,-1.84798,-2.80129,-3.20217,-3.43419,-3.58236
6.67099,-24.5172,-1.84798,-2.80129,-3.20217,-3.43419,-3.58236
6.64428,-23.8813,-1.84798,-2.80129,-3.20217,-3.43419,-3.58236
6.52811,-21.3663,-1.84798,-2.80129,-3.20217,-3.43419,-3.58236
6.97851,-32.961,-1.84798,-2.80129,-3.20217,-3.43419,-3.58236
6.75585,-26.6026,-1.84798,-2.80129,-3.20217,-3.43419,-3.58236
6.81771,-28.2209,-1.84798,-2.80129,-3.20217,-3.43419,-3.58236
4.89906,-4.84566,-1.84798,-2.80128,-3.20216,-3.43418,-3.58235
6.05036,-13.4897,-1.84798,-2.80129,-3.20217,-3.43419,-3.58236
5.70378,-9.84389,-1.84798,-2.80129,-3.20217,-3.43419,-3.58236
6.82201,-28.3629,-1.84798,-2.80129,-3.20217,-3.43419,-3.58236
5.8998,-11.6345,-1.84798,-2.80129,-3.20217,-3.43419,-3.58236
7.02188,-34.3569,-1.84798,-2.80129,-3.20217,-3.43419,-3.58236
5.70378,-9.84377,-1.84798,-2.80129,-3.20217,-3.43419,-3.58236
6.49636,-20.7255,-1.84798,-2.80129,-3.20217,-3.43419,-3.58236
5.85752,-11.2573,-1.84798,-2.80129,-3.20217,-3.43419,-3.58236
7.02188,-34.3682,-1.84798,-2.80129,-3.20217,-3.43419,-3.58236
6.24638,-16.3275,-1.84798,-2.80129,-3.20217,-3.43419,-3.58236
5.93878,-12.228,-1.84798,-2.80129,-3.20217,-3.43419,-3.58236
6.89725,-30.2901,-1.84798,-2.80129,-3.20217,-3.43419,-3.58236
6.73595,-26.1057,-1.84798,-2.80129,-3.20217,-3.43419,-3.58236
6.7334,-26.0301,-1.84798,-2.80129,-3.20217,-3.43419,-3.58236
5.37682,-7.33078,-1.84798,-2.80128,-3.20216,-3.43419,-3.58236
6.06997,-13.8086,-1.84798,-2.80129,-3.20217,-3.43419,-3.58236
5.95113,-12.2876,-1.84798,-2.80129,-3.20217,-3.43419,-3.58236
6.31567,-17.357,-1.84798,-2.80129,-3.20217,-3.43419,-3.58236
6.9545,-32.0914,-1.84798,-2.80129,-3.20217,-3.43419,-3.58236
5.70378,-9.83717,-1.84798,-2.80129,-3.20217,-3.43419,-3.58236
7.11566,-37.7613,-1.84798,-2.80129,-3.20217,-3.43419,-3.58236
6.4019,-18.933,-1.84798,-2.80129,-3.20217,-3.43419,-3.58236
5.48064,-7.80364,-1.84798,-2.80128,-3.20217,-3.43419,-3.58236
6.72827,-25.8309,-1.84798,-2.80129,-3.20217,-3.43419,-3.58236
6.86693,-29.5618,-1.84798,-2.80129,-3.20217,-3.43419,-3.58236
6.12457,-14.5524,-1.84798,-2.80129,-3.20217,-3.43419,-3.58236
6.5085,-20.9685,-1.84798,-2.80129,-3.20217,-3.43419,-3.58236
6.69359,-25.0576,-1.84798,-2.80129,-3.20217,-3.43419,-3.58236
6.47543,-20.3,-1.84798,-2.80129,-3.20217,-3.43419,-3.58236
6.34425,-17.9202,-1.84798,-2.80129,-3.20217,-3.43419,-3.58236
6.81121,-28.0785,-1.84798,-2.80129,-3.20217,-3.43419,-3.58236
5.95113,-12.3695,-1.84798,-2.80129,-3.20217,-3.43419,-3.58236
6.95614,-32.3084,-1.84798,-2.80129,-3.20217,-3.43419,-3.58236
6.41654,-19.042,-1.84798,-2.80129,-3.20217,-3.43419,-3.58236
5.37682,-7.3319,-1.84798,-2.80128,-3.20216,-3.43419,-3.58236
5.93878,-12.2261,-1.84798,-2.80129,-3.20217,-3.43419,-3.58236
6.39693,-18.6855,-1.84798,-2.80129,-3.20217,-3.43419,-3.58236
6.55434,-21.7528,-1.84798,-2.80129,-3.20217,-3.43419,-3.58236
6.58271,-22.5168,-1.84798,-2.80129,-3.20217,-3.43419,-3.58236
6.52811,-21.3647,-1.84798,-2.80129,-3.20217,-3.43419,-3.58236
6.04025,-13.4232,-1.84798,-2.80129,-3.20217,-3.43419,-3.58236
4.89906,-4.86881,-1.84798,-2.80128,-3.20216,-3.43418,-3.58235
5.59221,-8.89303,-1.84798,-2.80129,-3.20217,-3.43419,-3.58236
5.48064,-8.00966,-1.84798,-2.80128,-3.20217,-3.43419,-3.58236
7.02188,-34.3681,-1.84798,-2.80129,-3.20217,-3.43419,-3.58236
6.17379,-15.0855,-1.84798,-2.80129,-3.20217,-3.43419,-3.58236
5.24564,-6.52253,-1.84798,-2.80128,-3.20216,-3.43419,-3.58236
6.77264,-27.0387,-1.84798,-2.80129,-3.20217,-3.43419,-3.58236
6.58615,-22.5915,-1.84798,-2.80129,-3.20217,-3.43419,-3.58236
5.95113,-12.3696,-1.84798,-2.80129,-3.20217,-3.43419,-3.58236
6.8766,-29.7517,-1.84798,-2.80129,-3.20217,-3.43419,-3.58236
6.52811,-21.3652,-1.84798,-2.80129,-3.20217,-3.43419,-3.58236
6.92756,-31.2722,-1.84798,-2.80129,-3.20217,-3.43419,-3.58236
6.81986,-28.2356,-1.84798,-2.80129,-3.20217,-3.43419,-3.58236
5.85752,-11.3393,-1.84798,-2.80129,-3.20217,-3.43419,-3.58236
7.20662,-41.0524,-1.84798,-2.80129,-3.20217,-3.43419,-3.58236
6.42606,-19.3751,-1.84798,-2.80129,-3.20217,-3.43419,-3.58236
6.77264,-27.0499,-1.84798,-2.80129,-3.20217,-3.43419,-3.58236
6.12457,-14.3936,-1.84798,-2.80129,-3.20217,-3.43419,-3.58236
6.92756,-31.2856,-1.84798,-2.80129,-3.20217,-3.43419,-3.58236
6.55434,-21.8301,-1.84798,-2.80129,-3.20217,-3.43419,-3.58236
6.58615,-22.4189,-1.84798,-2.80129,-3.20217,-3.43419,-3.58236
5.51095,-8.26525,-1.84798,-2.80128,-3.20217,-3.43419,-3.58236
6.59295,-22.7391,-1.84798,-2.80129,-3.20217,-3.43419,-3.58236
6.57925,-22.1328,-1.84798,-2.80129,-3.20217,-3.43419,-3.58236
6.68524,-24.8454,-1.84798,-2.80129,-3.20217,-3.43419,-3.58236
6.84497,-29.0048,-1.84798,-2.80129,-3.20217,-3.43419,-3.58236
6.18154,-15.3339,-1.84798,-2.80129,-3.20217,-3.43419,-3.58236
6.33866,-17.8249,-1.84798,-2.80129,-3.20217,-3.43419,-3.58236
6.55067,-21.8352,-1.84798,-2.80129,-3.20217,-3.43419,-3.58236
6.5085,-20.9661,-1.84798,-2.80129,-3.20217,-3.43419,-3.58236
6.55067,-21.8348,-1.84798,-2.80129,-3.20217,-3.43419,-3.58236
6.80239,-27.7613,-1.84798,-2.80129,-3.20217,-3.43419,-3.58236
6.5085,-20.8864,-1.84798,-2.80129,-3.20217,-3.43419,-3.58236
5.72339,-10.0223,-1.84798,-2.80129,-3.20217,-3.43419,-3.58236
6.4019,-18.9111,-1.84798,-2.80129,-3.20217,-3.43419,-3.58236
7.08252,-36.4011,-1.84798,-2.80129,-3.20217,-3.43419,-3.58236
6.31567,-17.4387,-1.84798,-2.80129,-3.20217,-3.43419,-3.58236
6.4019,-18.9167,-1.84798,-2.80129,-3.20217,-3.43419,-3.58236
6.90635,-30.7178,-1.84798,-2.80129,-3.20217,-3.43419,-3.58236
6.31567,-17.2782,-1.84798,-2.80129,-3.20217,-3.43419,-3.58236
6.62247,-23.3973,-1.84798,-2.80129,-3.20217,-3.43419,-3.58236
6.44002,-19.6359,-1.84798,-2.80129,-3.20217,-3.43419,-3.58236
6.55067,-21.8328,-1.84798,-2.80129,-3.20217,-3.43419,-3.58236
6.47543,-20.2313,-1.84798,-2.80129,-3.20217,-3.43419,-3.58236
6.72827,-25.901,-1.84798,-2.80129,-3.20217,-3.43419,-3.58236
5.99768,-12.8974,-1.84798,-2.80129,-3.20217,-3.43419,-3.58236
6.60956,-23.0927,-1.84798,-2.80129,-3.20217,-3.43419,-3.58236
6.39693,-18.841,-1.84798,-2.80129,-3.20217,-3.43419,-3.58236
6.24638,-16.3142,-1.84798,-2.80129,-3.20217,-3.43419,-3.58236
6.68524,-24.8382,-1.84798,-2.80129,-3.20217,-3.43419,-3.58236
5.95113,-12.369,-1.84798,-2.80129,-3.20217,-3.43419,-3.58236
6.66224,-24.2976,-1.84798,-2.80129,-3.20217,-3.43419,-3.58236
6.47543,-20.2317,-1.84798,-2.80129,-3.20217,-3.43419,-3.58236
5.99768,-12.9185,-1.84798,-2.80129,-3.20217,-3.43419,-3.58236
6.69359,-25.0467,-1.84798,-2.80129,-3.20217,-3.43419,-3.58236
6.69082,-24.9918,-1.84798,-2.80129,-3.20217,-3.43419,-3.58236
6.75585,-26.5134,-1.84798,-2.80129,-3.20217,-3.43419,-3.58236
5.95113,-12.3696,-1.84798,-2.80129,-3.20217,-3.43419,-3.58236
5.59221,-8.73521,-1.84798,-2.80128,-3.20217,-3.43419,-3.58236
6.2977,-17.1418,-1.84798,-2.80129,-3.20217,-3.43419,-3.58236
6.42606,-19.3552,-1.84798,-2.80129,-3.20217,-3.43419,-3.58236
5.99768,-12.9187,-1.84798,-2.80129,-3.20217,-3.43419,-3.58236
5.93878,-12.2279,-1.84798,-2.80129,-3.20217,-3.43419,-3.58236
6.58615,-22.591,-1.84798,-2.80129,-3.20217,-3.43419,-3.58236
6.41654,-19.1999,-1.84798,-2.80129,-3.20217,-3.43419,-3.58236
7.16858,-39.6116,-1.84798,-2.80129,-3.20217,-3.43419,-3.58236
6.45804,-19.8173,-1.84798,-2.80129,-3.20217,-3.43419,-3.58236
6.90635,-30.7997,-1.84798,-2.80129,-3.20217,-3.43419,-3.58236
6.05036,-13.5717,-1.84798,-2.80129,-3.20217,-3.43419,-3.58236
6.65929,-24.2302,-1.84798,-2.80129,-3.20217,-3.43419,-3.58236
5.24564,-6.53575,-1.84798,-2.80128,-3.20216,-3.43419,-3.58236
5.8861,-11.6397,-1.84798,-2.80129,-3.20217,-3.43419,-3.58236
6.66224,-24.311,-1.84798,-2.80129,-3.20217,-3.43419,-3.58236
7.06047,-35.5532,-1.84798,-2.80129,-3.20217,-3.43419,-3.58236
6.2041,-15.687,-1.84798,-2.80129,-3.20217,-3.43419,-3.58236
6.14978,-14.901,-1.84798,-2.80129,-3.20217,-3.43419,-3.58236
6.79343,-27.5797,-1.84798,-2.80129,-3.20217,-3.43419,-3.58236
6.75585,-26.4564,-1.84798,-2.80129,-3.20217,-3.43419,-3.58236
6.39693,-18.6038,-1.84798,-2.80129,-3.20217,-3.43419,-3.58236
5.48064,-8.04123,-1.84798,-2.80128,-3.20217,-3.43419,-3.58236
5.53953,-8.47903,-1.84798,-2.80128,-3.20217,-3.43419,-3.58236
6.55067,-21.8148,-1.84798,-2.80129,-3.20217,-3.43419,-3.58236
6.47543,-20.3139,-1.84798,-2.80129,-3.20217,-3.43419,-3.58236
5.93878,-12.2074,-1.84798,-2.80129,-3.20217,-3.43419,-3.58236
6.87469,-29.864,-1.84798,-2.80129,-3.20217,-3.43419,-3.58236
6.07949,-13.7861,-1.84798,-2.80129,-3.20217,-3.43419,-3.58236
6.78659,-27.4066,-1.84798,-2.80129,-3.20217,-3.43419,-3.58236
6.45804,-19.8963,-1.84798,-2.80129,-3.20217,-3.43419,-3.58236
6.58271,-22.4981,-1.84798,-2.80129,-3.20217,-3.43419,-3.58236
5.72339,-10.0213,-1.84798,-2.80129,-3.20217,-3.43419,-3.58236
6.28536,-16.9435,-1.84798,-2.80129,-3.20217,-3.43419,-3.58236
5.77799,-10.537,-1.84798,-2.80129,-3.20217,-3.43419,-3.58236
6.72569,-25.8502,-1.84798,-2.80129,-3.20217,-3.43419,-3.58236
5.37682,-7.17495,-1.84798,-2.80128,-3.20216,-3.43419,-3.58236
5.93878,-12.0672,-1.84798,-2.80129,-3.20217,-3.43419,-3.58236
6.4019,-18.7753,-1.84798,-2.80129,-3.20217,-3.43419,-3.58236
5.37682,-7.33393,-1.84798,-2.80128,-3.20216,-3.43419,-3.58236
6.75585,-26.6136,-1.84798,-2.80129,-3.20217,-3.43419,-3.58236
6.47543,-20.1557,-1.84798,-2.80129,-3.20217,-3.43419,-3.58236
6.81986,-28.3148,-1.84798,-2.80129,-3.20217,-3.43419,-3.58236
5.37682,-7.17494,-1.84798,-2.80128,-3.20216,-3.43419,-3.58236
5.24564,-6.52241,-1.84798,-2.80128,-3.20216,-3.43419,-3.58236
6.49636,-20.7256,-1.84798,-2.80129,-3.20217,-3.43419,-3.58236
6.05036,-13.5719,-1.84798,-2.80129,-3.20217,-3.43419,-3.58236
6.79343,-27.6005,-1.84798,-2.80129,-3.20217,-3.43419,-3.58236
6.2041,-15.6609,-1.84798,-2.80129,-3.20217,-3.43419,-3.58236
6.77264,-27.0365,-1.84798,-2.80129,-3.20217,-3.43419,-3.58236
6.05036,-13.5492,-1.84798,-2.80129,-3.20217,-3.43419,-3.58236
6.81121,-28.0676,-1.84798,-2.80129,-3.20217,-3.43419,-3.58236
6.38683,-18.6611,-1.84798,-2.80129,-3.20217,-3.43419,-3.58236
5.95113,-12.1294,-1.84798,-2.80129,-3.20217,-3.43419,-3.58236
5.95113,-12.2876,-1.84798,-2.80129,-3.20217,-3.43419,-3.58236
6.52036,-21.1881,-1.84798,-2.80129,-3.20217,-3.43419,-3.58236
4.44092,-3.38929,-1.84798,-2.80129,-3.20216,-3.43418,-3.58234
6.05036,-13.5695,-1.84798,-2.80129,-3.20217,-3.43419,-3.58236
5.95113,-12.3652,-1.84798,-2.80129,-3.20217,-3.43419,-3.58236
6.14978,-14.8972,-1.84798,-2.80129,-3.20217,-3.43419,-3.58236
6.95614,-32.3097,-1.84798,-2.80129,-3.20217,-3.43419,-3.58236
5.8998,-11.6904,-1.84798,-2.80129,-3.20217,-3.43419,-3.58236
5.8998,-11.6345,-1.84798,-2.80129,-3.20217,-3.43419,-3.58236
6.2041,-15.6873,-1.84798,-2.80129,-3.20217,-3.43419,-3.58236
6.18154,-15.1842,-1.84798,-2.80129,-3.20217,-3.43419,-3.58236
5.24564,-6.45432,-1.84798,-2.80128,-3.20216,-3.43419,-3.58236
5.59221,-8.87233,-1.84798,-2.80129,-3.20217,-3.43419,-3.58236
7.08252,-36.4011,-1.84798,-2.80129,-3.20217,-3.43419,-3.58236
6.47543,-20.3112,-1.84798,-2.80129,-3.20217,-3.43419,-3.58236
5.8998,-11.7928,-1.84798,-2.80129,-3.20217,-3.43419,-3.58236
7.04974,-35.1807,-1.84798,-2.80129,-3.20217,-3.43419,-3.58236
7.08631,-36.4672,-1.84798,-2.80129,-3.20217,-3.43419,-3.58236
5.59221,-8.89386,-1.84798,-2.80129,-3.20217,-3.43419,-3.58236
6.58615,-22.5797,-1.84798,-2.80129,-3.20217,-3.43419,-3.58236
6.05036,-13.571,-1.84798,-2.80129,-3.20217,-3.43419,-3.58236
6.31567,-17.1968,-1.84798,-2.80129,-3.20217,-3.43419,-3.58236
6.8917,-30.3655,-1.84798,-2.80129,-3.20217,-3.43419,-3.58236
5.85752,-11.337,-1.84798,-2.80129,-3.20217,-3.43419,-3.58236
6.4019,-18.8981,-1.84798,-2.80129,-3.20217,-3.43419,-3.58236
6.18154,-15.3538,-1.84798,-2.80129,-3.20217,-3.43419,-3.58236
7.04974,-35.339,-1.84798,-2.80129,-3.20217,-3.43419,-3.58236
5.24564,-6.43345,-1.84798,-2.80128,-3.20216,-3.43419,-3.58236
6.63814,-23.7404,-1.84798,-2.80129,-3.20217,-3.43419,-3.58236
7.11566,-37.4837,-1.84798,-2.80129,-3.20217,-3.43419,-3.58236
6.70452,-25.3266,-1.84798,-2.80129,-3.20217,-3.43419,-3.58236
6.94289,-31.7625,-1.84798,-2.80129,-3.20217,-3.43419,-3.58236
6.88421,-29.9868,-1.84798,-2.80129,-3.20217,-3.43419,-3.58236
5.70378,-9.76207,-1.84798,-2.80129,-3.20217,-3.43419,-3.58236
6.58271,-22.5163,-1.84798,-2.80129,-3.20217,-3.43419,-3.58236
6.80239,-27.8226,-1.84798,-2.80129,-3.20217,-3.43419,-3.58236
6.04025,-13.4437,-1.84798,-2.80129,-3.20217,-3.43419,-3.58236
6.81986,-28.3039,-1.84798,-2.80129,-3.20217,-3.43419,-3.58236
5.85752,-11.3397,-1.84798,-2.80129,-3.20217,-3.43419,-3.58236
6.05036,-13.5719,-1.84798,-2.80129,-3.20217,-3.43419,-3.58236
6.67099,-24.2778,-1.84798,-2.80129,-3.20217,-3.43419,-3.58236
6.12457,-14.5496,-1.84798,-2.80129,-3.20217,-3.43419,-3.58236
5.59221,-8.89347,-1.84798,-2.80129,-3.20217,-3.43419,-3.58236
6.33866,-17.825,-1.84798,-2.80129,-3.20217,-3.43419,-3.58236
6.68524,-24.8567,-1.84798,-2.80129,-3.20217,-3.43419,-3.58236
6.58271,-22.517,-1.84798,-2.80129,-3.20217,-3.43419,-3.58236
6.2041,-15.5121,-1.84798,-2.80129,-3.20217,-3.43419,-3.58236
5.59221,-8.80849,-1.84798,-2.80128,-3.20217,-3.43419,-3.58236
6.47114,-20.2287,-1.84798,-2.80129,-3.20217,-3.43419,-3.58236
6.12457,-14.4706,-1.84798,-2.80129,-3.20217,-3.43419,-3.58236
7.07485,-36.1974,-1.84798,-2.80129,-3.20217,-3.43419,-3.58236
6.8917,-30.0732,-1.84798,-2.80129,-3.20217,-3.43419,-3.58236
5.13407,-5.93484,-1.84798,-2.80128,-3.20216,-3.43418,-3.58236
6.68524,-24.8382,-1.84798,-2.80129,-3.20217,-3.43419,-3.58236
6.96745,-32.6055,-1.84798,-2.80129,-3.20217,-3.43419,-3.58236
6.58271,-22.5186,-1.84798,-2.80129,-3.20217,-3.43419,-3.58236
5.77799,-10.5364,-1.84798,-2.80129,-3.20217,-3.43419,-3.58236
6.72827,-25.9129,-1.84798,-2.80129,-3.20217,-3.43419,-3.58236
6.52811,-21.3667,-1.84798,-2.80129,-3.20217,-3.43419,-3.58236
6.58271,-22.5161,-1.84798,-2.80129,-3.20217,-3.43419,-3.58236
6.18154,-15.3532,-1.84798,-2.80129,-3.20217,-3.43419,-3.58236
4.78749,-4.44369,-1.84798,-2.80129,-3.20216,-3.43418,-3.58235
6.59295,-22.5649,-1.84798,-2.80129,-3.20217,-3.43419,-3.58236
6.75585,-26.6025,-1.84798,-2.80129,-3.20217,-3.43419,-3.58236
6.29157,-17.0431,-1.84798,-2.80129,-3.20217,-3.43419,-3.58236
5.95113,-12.349,-1.84798,-2.80129,-3.20217,-3.43419,-3.58236
5.93878,-12.2277,-1.84798,-2.80129,-3.20217,-3.43419,-3.58236
6.84497,-28.8439,-1.84798,-2.80129,-3.20217,-3.43419,-3.58236
6.31567,-17.4184,-1.84798,-2.80129,-3.20217,-3.43419,-3.58236
6.07949,-13.9454,-1.84798,-2.80129,-3.20217,-3.43419,-3.58236
5.70378,-9.76224,-1.84798,-2.80129,-3.20217,-3.43419,-3.58236
6.59295,-22.7412,-1.84798,-2.80129,-3.20217,-3.43419,-3.58236
6.89725,-30.5148,-1.84798,-2.80129,-3.20217,-3.43419,-3.58236
6.3817,-18.5718,-1.84798,-2.80129,-3.20217,-3.43419,-3.58236
6.44002,-19.4782,-1.84798,-2.80129,-3.20217,-3.43419,-3.58236
6.81771,-28.2466,-1.84798,-2.80129,-3.20217,-3.43419,-3.58236
5.77799,-10.5159,-1.84798,-2.80129,-3.20217,-3.43419,-3.58236
7.10242,-37.1298,-1.84798,-2.80129,-3.20217,-3.43419,-3.58236
5.72339,-10.0221,-1.84798,-2.80129,-3.20217,-3.43419,-3.58236
5.51095,-8.26555,-1.84798,-2.80128,-3.20217,-3.43419,-3.58236
7.08252,-36.4908,-1.84798,-2.80129,-3.20217,-3.43419,-3.58236
5.51095,-8.26553,-1.84798,-2.80128,-3.20217,-3.43419,-3.58236
6.86888,-29.6769,-1.84798,-2.80129,-3.20217,-3.43419,-3.58236
6.05036,-13.571,-1.84798,-2.80129,-3.20217,-3.43419,-3.58236
6.78659,-27.3387,-1.84798,-2.80129,-3.20217,-3.43419,-3.58236
6.17379,-15.2396,-1.84798,-2.80129,-3.20217,-3.43419,-3.58236
6.39693,-18.6849,-1.84798,-2.80129,-3.20217,-3.43419,-3.58236
6.59632,-22.8141,-1.84798,-2.80129,-3.20217,-3.43419,-3.58236
6.81771,-28.2583,-1.84798,-2.80129,-3.20217,-3.43419,-3.58236
5.99768,-12.9186,-1.84798,-2.80129,-3.20217,-3.43419,-3.58236
5.99768,-12.8846,-1.84798,-2.80129,-3.20217,-3.43419,-3.58236
6.7435,-26.1972,-1.84798,-2.80129,-3.20217,-3.43419,-3.58236
6.5085,-20.8071,-1.84798,-2.80129,-3.20217,-3.43419,-3.58236
6.72569,-25.8461,-1.84798,-2.80129,-3.20217,-3.43419,-3.58236
6.65929,-24.1597,-1.84798,-2.80129,-3.20217,-3.43419,-3.58236
6.05036,-13.5712,-1.84798,-2.80129,-3.20217,-3.43419,-3.58236
6.2977,-17.1397,-1.84798,-2.80129,-3.20217,-3.43419,-3.58236
5.13407,-5.93254,-1.84798,-2.80128,-3.20216,-3.43418,-3.58236
6.28536,-16.9403,-1.84798,-2.80129,-3.20217,-3.43419,-3.58236
6.49224,-20.6437,-1.84798,-2.80129,-3.20217,-3.43419,-3.58236
6.5085,-20.9679,-1.84798,-2.80129,-3.20217,-3.43419,-3.58236
6.4019,-18.8972,-1.84798,-2.80129,-3.20217,-3.43419,-3.58236
5.77799,-10.5345,-1.84798,-2.80129,-3.20217,-3.43419,-3.58236
7.06047,-35.5533,-1.84798,-2.80129,-3.20217,-3.43419,-3.58236
6.31567,-17.4373,-1.84798,-2.80129,-3.20217,-3.43419,-3.58236
6.24638,-16.3274,-1.84798,-2.80129,-3.20217,-3.43419,-3.58236
6.93952,-31.7916,-1.84798,-2.80129,-3.20217,-3.43419,-3.58236
6.69359,-25.0451,-1.84798,-2.80129,-3.20217,-3.43419,-3.58236
6.52811,-21.3619,-1.84798,-2.80129,-3.20217,-3.43419,-3.58236
5.70378,-9.80973,-1.84798,-2.80129,-3.20217,-3.43419,-3.58236
4.78749,-4.43041,-1.84798,-2.80128,-3.20216,-3.43418,-3.58235
6.47114,-20.2098,-1.84798,-2.80129,-3.20217,-3.43419,-3.58236
6.3817,-18.3973,-1.84798,-2.80129,-3.20217,-3.43419,-3.58236
5.8998,-11.7791,-1.84798,-2.80129,-3.20217,-3.43419,-3.58236
4.44092,-3.38926,-1.84798,-2.80129,-3.20216,-3.43418,-3.58234
5.37682,-7.31306,-1.84798,-2.80128,-3.20216,-3.43419,-3.58236
6.68524,-24.8564,-1.84798,-2.80129,-3.20217,-3.43419,-3.58236
6.69082,-24.9797,-1.84798,-2.80129,-3.20217,-3.43419,-3.58236
6.18154,-15.3536,-1.84798,-2.80129,-3.20217,-3.43419,-3.58236
6.80461,-27.8995,-1.84798,-2.80129,-3.20217,-3.43419,-3.58236
5.82721,-11.0244,-1.84798,-2.80129,-3.20217,-3.43419,-3.58236
6.29157,-17.0301,-1.84798,-2.80129,-3.20217,-3.43419,-3.58236
5.93878,-12.146,-1.84798,-2.80129,-3.20217,-3.43419,-3.58236
6.75585,-26.5946,-1.84798,-2.80129,-3.20217,-3.43419,-3.58236
6.49224,-20.6232,-1.84798,-2.80129,-3.20217,-3.43419,-3.58236
7.11566,-37.7533,-1.84798,-2.80129,-3.20217,-3.43419,-3.58236
7.1946,-40.6363,-1.84798,-2.80129,-3.20217,-3.43419,-3.58236
6.07949,-13.9472,-1.84798,-2.80129,-3.20217,-3.43419,-3.58236
6.18154,-15.3422,-1.84798,-2.80129,-3.20217,-3.43419,-3.58236
6.14978,-14.9006,-1.84798,-2.80129,-3.20217,-3.43419,-3.58236
6.91352,-30.8573,-1.84798,-2.80129,-3.20217,-3.43419,-3.58236
6.55067,-21.8334,-1.84798,-2.80129,-3.20217,-3.43419,-3.58236
6.77264,-26.9703,-1.84798,-2.80129,-3.20217,-3.43419,-3.58236
6.91352,-30.8583,-1.84798,-2.80129,-3.20217,-3.43419,-3.58236
6.52811,-21.3437,-1.84798,-2.80129,-3.20217,-3.43419,-3.58236
5.37682,-7.33388,-1.84798,-2.80128,-3.20216,-3.43419,-3.58236
4.78749,-4.4188,-1.84798,-2.80128,-3.20216,-3.43418,-3.58235
7.07485,-36.1975,-1.84798,-2.80129,-3.20217,-3.43419,-3.58236
6.4019,-18.9309,-1.84798,-2.80129,-3.20217,-3.43419,-3.58236
4.09434,-2.6437,-1.84798,-2.80129,-3.20216,-3.43417,-3.58234
4.89906,-4.86694,-1.84798,-2.80128,-3.20216,-3.43418,-3.58235
7.0374,-34.8223,-1.84798,-2.80129,-3.20217,-3.43419,-3.58236
7.21546,-41.5391,-1.84798,-2.80129,-3.20217,-3.43419,-3.58236
6.58615,-22.5907,-1.84798,-2.80129,-3.20217,-3.43419,-3.58236
7.07485,-36.1277,-1.84798,-2.80129,-3.20217,-3.43419,-3.58236
7.02188,-34.2987,-1.84798,-2.80129,-3.20217,-3.43419,-3.58236
6.59632,-22.8106,-1.84798,-2.80129,-3.20217,-3.43419,-3.58236
6.18154,-15.3558,-1.84798,-2.80129,-3.20217,-3.43419,-3.58236
5.70378,-9.68495,-1.84798,-2.80129,-3.20217,-3.43419,-3.58236
5.59221,-8.88022,-1.84798,-2.80129,-3.20217,-3.43419,-3.58236
6.81986,-28.2987,-1.84798,-2.80129,-3.20217,-3.43419,-3.58236
6.92929,-31.4413,-1.84798,-2.80129,-3.20217,-3.43419,-3.58236
6.58615,-22.5934,-1.84798,-2.80129,-3.20217,-3.43419,-3.58236
7.04974,-35.386,-1.84798,-2.80129,-3.20217,-3.43419,-3.58236
6.2977,-17.1434,-1.84798,-2.80129,-3.20217,-3.43419,-3.58236
6.31567,-17.4363,-1.84798,-2.80129,-3.20217,-3.43419,-3.58236
6.68524,-24.8436,-1.84798,-2.80129,-3.20217,-3.43419,-3.58236
6.33866,-17.8251,-1.84798,-2.80129,-3.20217,-3.43419,-3.58236
6.47114,-20.217,-1.84798,-2.80129,-3.20217,-3.43419,-3.58236
6.2977,-17.1418,-1.84798,-2.80129,-3.20217,-3.43419,-3.58236
6.18154,-15.3541,-1.84798,-2.80129,-3.20217,-3.43419,-3.58236
4.09434,-2.6437,-1.84798,-2.80129,-3.20216,-3.43417,-3.58234
6.44002,-19.553,-1.84798,-2.80129,-3.20217,-3.43419,-3.58236
6.87469,-29.8451,-1.84798,-2.80129,-3.20217,-3.43419,-3.58236
6.18154,-15.3422,-1.84798,-2.80129,-3.20217,-3.43419,-3.58236
6.04025,-13.4437,-1.84798,-2.80129,-3.20217,-3.43419,-3.58236
6.47543,-20.2206,-1.84798,-2.80129,-3.20217,-3.43419,-3.58236
6.7334,-26.0303,-1.84798,-2.80129,-3.20217,-3.43419,-3.58236
5.53953,-8.32165,-1.84798,-2.80128,-3.20217,-3.43419,-3.58236
6.39693,-18.8398,-1.84798,-2.80129,-3.20217,-3.43419,-3.58236
5.8861,-11.6421,-1.84798,-2.80129,-3.20217,-3.43419,-3.58236
6.83674,-28.7831,-1.84798,-2.80129,-3.20217,-3.43419,-3.58236
6.7435,-26.2859,-1.84798,-2.80129,-3.20217,-3.43419,-3.58236
7.08252,-36.3982,-1.84798,-2.80129,-3.20217,-3.43419,-3.58236
7.00882,-33.8597,-1.84798,-2.80129,-3.20217,-3.43419,-3.58236
5.24564,-6.53605,-1.84798,-2.80128,-3.20216,-3.43419,-3.58236
6.77264,-26.8914,-1.84798,-2.80129,-3.20217,-3.43419,-3.58236
6.52811,-21.3666,-1.84798,-2.80129,-3.20217,-3.43419,-3.58236
6.06997,-13.8239,-1.84798,-2.80129,-3.20217,-3.43419,-3.58236
6.31567,-17.4373,-1.84798,-2.80129,-3.20217,-3.43419,-3.58236
6.8766,-29.9194,-1.84798,-2.80129,-3.20217,-3.43419,-3.58236
4.78749,-4.06707,-1.84798,-2.80128,-3.20216,-3.43418,-3.58235
6.44002,-19.5548,-1.84798,-2.80129,-3.20217,-3.43419,-3.58236
5.70378,-9.59246,-1.84798,-2.80128,-3.20217,-3.43419,-3.58236
6.47114,-20.0721,-1.84798,-2.80129,-3.20217,-3.43419,-3.58236
4.78749,-4.44319,-1.84798,-2.80129,-3.20216,-3.43418,-3.58235
6.18154,-15.2739,-1.84798,-2.80129,-3.20217,-3.43419,-3.58236
7.12971,-38.1362,-1.84798,-2.80129,-3.20217,-3.43419,-3.58236
7.10242,-37.0504,-1.84798,-2.80129,-3.20217,-3.43419,-3.58236
6.92929,-31.2039,-1.84798,-2.80129,-3.20217,-3.43419,-3.58236
6.05036,-13.5481,-1.84798,-2.80129,-3.20217,-3.43419,-3.58236
6.28536,-16.9228,-1.84798,-2.80129,-3.20217,-3.43419,-3.58236
5.95113,-12.3679,-1.84798,-2.80129,-3.20217,-3.43419,-3.58236
6.2041,-15.6865,-1.84798,-2.80129,-3.20217,-3.43419,-3.58236
5.77799,-10.5347,-1.84798,-2.80129,-3.20217,-3.43419,-3.58236
4.78749,-4.44386,-1.84798,-2.80129,-3.20216,-3.43418,-3.58235
6.44002,-19.553,-1.84798,-2.80129,-3.20217,-3.43419,-3.58236
5.85752,-11.3392,-1.84798,-2.80129,-3.20217,-3.43419,-3.58236
6.58271,-22.4366,-1.84798,-2.80129,-3.20217,-3.43419,-3.58236
6.55067,-21.8355,-1.84798,-2.80129,-3.20217,-3.43419,-3.58236
5.13407,-5.93506,-1.84798,-2.80128,-3.20216,-3.43418,-3.58236
6.06997,-13.8212,-1.84798,-2.80129,-3.20217,-3.43419,-3.58236
6.2977,-17.1428,-1.84798,-2.80129,-3.20217,-3.43419,-3.58236
6.52036,-21.0491,-1.84798,-2.80129,-3.20217,-3.43419,-3.58236
6.23957,-16.2205,-1.84798,-2.80129,-3.20217,-3.43419,-3.58236
6.59632,-22.6572,-1.84798,-2.80129,-3.20217,-3.43419,-3.58236
6.93272,-31.5864,-1.84798,-2.80129,-3.20217,-3.43419,-3.58236
5.99768,-12.9183,-1.84798,-2.80129,-3.20217,-3.43419,-3.58236
6.62247,-23.3978,-1.84798,-2.80129,-3.20217,-3.43419,-3.58236
6.24638,-16.3264,-1.84798,-2.80129,-3.20217,-3.43419,-3.58236
6.73595,-25.9498,-1.84798,-2.80129,-3.20217,-3.43419,-3.58236
4.89906,-4.86855,-1.84798,-2.80129,-3.20216,-3.43418,-3.58235
6.55067,-21.8348,-1.84798,-2.80129,-3.20217,-3.43419,-3.58236
6.86693,-29.5621,-1.84798,-2.80129,-3.20217,-3.43419,-3.58236
6.12457,-14.5519,-1.84798,-2.80129,-3.20217,-3.43419,-3.58236
5.95113,-12.2104,-1.84798,-2.80129,-3.20217,-3.43419,-3.58236
6.52811,-21.3668,-1.84798,-2.80129,-3.20217,-3.43419,-3.58236
6.41654,-19.1986,-1.84798,-2.80129,-3.20217,-3.43419,-3.58236
5.13407,-5.93483,-1.84798,-2.80128,-3.20216,-3.43418,-3.58236
5.85752,-11.3394,-1.84798,-2.80129,-3.20217,-3.43419,-3.58236
6.79343,-27.5208,-1.84798,-2.80129,-3.20217,-3.43419,-3.58236
6.18154,-15.3553,-1.84798,-2.80129,-3.20217,-3.43419,-3.58236
6.70452,-25.3123,-1.84798,-2.80129,-3.20217,-3.43419,-3.58236
6.42606,-19.3742,-1.84798,-2.80129,-3.20217,-3.43419,-3.58236
6.39693,-18.8303,-1.84798,-2.80129,-3.20217,-3.43419,-3.58236
6.4019,-18.9332,-1.84798,-2.80129,-3.20217,-3.43419,-3.58236
5.70378,-9.84353,-1.84798,-2.80129,-3.20217,-3.43419,-3.58236
6.31567,-17.3352,-1.84798,-2.80129,-3.20217,-3.43419,-3.58236
5.24564,-6.45416,-1.84798,-2.80128,-3.20216,-3.43419,-3.58236
6.05036,-13.5717,-1.84798,-2.80129,-3.20217,-3.43419,-3.58236
6.76311,-26.6443,-1.84798,-2.80129,-3.20217,-3.43419,-3.58236
5.72339,-10.0219,-1.84798,-2.80129,-3.20217,-3.43419,-3.58236
6.5085,-20.9682,-1.84798,-2.80129,-3.20217,-3.43419,-3.58236
5.24564,-6.5337,-1.84798,-2.80128,-3.20216,-3.43419,-3.58236
6.9545,-32.1978,-1.84798,-2.80129,-3.20217,-3.43419,-3.58236
6.82201,-28.2951,-1.84798,-2.80129,-3.20217,-3.43419,-3.58236
5.70378,-9.84119,-1.84798,-2.80129,-3.20217,-3.43419,-3.58236
6.64428,-23.8132,-1.84798,-2.80129,-3.20217,-3.43419,-3.58236
6.41654,-19.1798,-1.84798,-2.80129,-3.20217,-3.43419,-3.58236
4.09434,-2.64368,-1.84798,-2.80129,-3.20216,-3.43417,-3.58234
6.92756,-31.1317,-1.84798,-2.80129,-3.20217,-3.43419,-3.58236
6.58271,-22.5052,-1.84798,-2.80129,-3.20217,-3.43419,-3.58236
4.09434,-2.64143,-1.84798,-2.80129,-3.20216,-3.43417,-3.58234
5.85752,-11.3389,-1.84798,-2.80129,-3.20217,-3.43419,-3.58236
6.62247,-23.3825,-1.84798,-2.80129,-3.20217,-3.43419,-3.58236
6.72569,-25.8362,-1.84798,-2.80129,-3.20217,-3.43419,-3.58236
4.78749,-4.44108,-1.84798,-2.80128,-3.20216,-3.43418,-3.58235
6.76311,-26.8027,-1.84798,-2.80129,-3.20217,-3.43419,-3.58236
6.2977,-17.1418,-1.84798,-2.80129,-3.20217,-3.43419,-3.58236
6.98626,-33.2591,-1.84798,-2.80129,-3.20217,-3.43419,-3.58236
5.82721,-11.0263,-1.84798,-2.80129,-3.20217,-3.43419,-3.58236
4.44092,-3.36439,-1.84798,-2.80128,-3.20216,-3.43417,-3.58234
6.23957,-16.223,-1.84798,-2.80129,-3.20217,-3.43419,-3.58236
6.60956,-22.9504,-1.84798,-2.80129,-3.20217,-3.43419,-3.58236
6.52811,-21.3655,-1.84798,-2.80129,-3.20217,-3.43419,-3.58236
5.37682,-7.33127,-1.84798,-2.80128,-3.20216,-3.43419,-3.58236
6.45804,-19.9439,-1.84798,-2.80129,-3.20217,-3.43419,-3.58236
6.44002,-19.6348,-1.84798,-2.80129,-3.20217,-3.43419,-3.58236
6.52811,-21.3671,-1.84798,-2.80129,-3.20217,-3.43419,-3.58236
6.95614,-32.2471,-1.84798,-2.80129,-3.20217,-3.43419,-3.58236
5.70378,-9.81933,-1.84798,-2.80129,-3.20217,-3.43419,-3.58236
6.31567,-17.4365,-1.84798,-2.80129,-3.20217,-3.43419,-3.58236
6.70452,-25.3034,-1.84798,-2.80129,-3.20217,-3.43419,-3.58236
6.18154,-15.3552,-1.84798,-2.80129,-3.20217,-3.43419,-3.58236
4.78749,-4.39018,-1.84798,-2.80128,-3.20216,-3.43418,-3.58235
5.24564,-6.53347,-1.84798,-2.80128,-3.20216,-3.43419,-3.58236
6.55067,-21.6764,-1.84798,-2.80129,-3.20217,-3.43419,-3.58236
5.51095,-8.26365,-1.84798,-2.80128,-3.20217,-3.43419,-3.58236
6.64428,-23.8813,-1.84798,-2.80129,-3.20217,-3.43419,-3.58236
5.95113,-12.3669,-1.84798,-2.80129,-3.20217,-3.43419,-3.58236
6.66224,-24.2956,-1.84798,-2.80129,-3.20217,-3.43419,-3.58236
6.41654,-19.042,-1.84798,-2.80129,-3.20217,-3.43419,-3.58236
5.37682,-7.25206,-1.84798,-2.80128,-3.20216,-3.43419,-3.58236
7.0511,-35.1567,-1.84798,-2.80129,-3.20217,-3.43419,-3.58236
6.05036,-13.4899,-1.84798,-2.80129,-3.20217,-3.43419,-3.58236
5.51095,-8.26546,-1.84798,-2.80128,-3.20217,-3.43419,-3.58236
5.70378,-9.68536,-1.84798,-2.80129,-3.20217,-3.43419,-3.58236
6.96745,-32.6549,-1.84798,-2.80129,-3.20217,-3.43419,-3.58236
7.1946,-40.7076,-1.84798,-2.80129,-3.20217,-3.43419,-3.58236
6.39693,-18.7597,-1.84798,-2.80129,-3.20217,-3.43419,-3.58236
6.85508,-29.2204,-1.84798,-2.80129,-3.20217,-3.43419,-3.58236
6.8766,-29.9026,-1.84798,-2.80129,-3.20217,-3.43419,-3.58236
5.59221,-8.81206,-1.84798,-2.80128,-3.20217,-3.43419,-3.58236
7.00587,-33.8507,-1.84798,-2.80129,-3.20217,-3.43419,-3.58236
6.3817,-18.5703,-1.84798,-2.80129,-3.20217,-3.43419,-3.58236
6.47114,-20.2288,-1.84798,-2.80129,-3.20217,-3.43419,-3.58236
4.89906,-4.86869,-1.84798,-2.80129,-3.20216,-3.43418,-3.58235
7.10242,-37.1291,-1.84798,-2.80129,-3.20217,-3.43419,-3.58236
5.59221,-8.89368,-1.84798,-2.80129,-3.20217,-3.43419,-3.58236
6.45804,-19.9783,-1.84798,-2.80129,-3.20217,-3.43419,-3.58236
5.8998,-11.709,-1.84798,-2.80129,-3.20217,-3.43419,-3.58236
5.77799,-10.5354,-1.84798,-2.80129,-3.20217,-3.43419,-3.58236
5.24564,-6.53594,-1.84798,-2.80128,-3.20216,-3.43419,-3.58236
5.19296,-6.22306,-1.84798,-2.80128,-3.20216,-3.43419,-3.58236
6.67099,-24.4984,-1.84798,-2.80129,-3.20217,-3.43419,-3.58236
6.14978,-14.8996,-1.84798,-2.80129,-3.20217,-3.43419,-3.58236
7.08631,-36.4683,-1.84798,-2.80129,-3.20217,-3.43419,-3.58236
5.51095,-8.01418,-1.84798,-2.80128,-3.20217,-3.43419,-3.58236
6.69359,-25.0578,-1.84798,-2.80129,-3.20217,-3.43419,-3.58236
6.70452,-25.3128,-1.84798,-2.80129,-3.20217,-3.43419,-3.58236
5.37682,-7.33358,-1.84798,-2.80128,-3.20216,-3.43419,-3.58236
6.29157,-17.0439,-1.84798,-2.80129,-3.20217,-3.43419,-3.58236
6.33866,-17.8042,-1.84798,-2.80129,-3.20217,-3.43419,-3.58236
6.52811,-21.3671,-1.84798,-2.80129,-3.20217,-3.43419,-3.58236
6.92929,-31.3371,-1.84798,-2.80129,-3.20217,-3.43419,-3.58236
4.89906,-4.86857,-1.84798,-2.80129,-3.20216,-3.43418,-3.58235
5.59221,-8.87322,-1.84798,-2.80129,-3.20217,-3.43419,-3.58236
4.09434,-2.64367,-1.84798,-2.80129,-3.20216,-3.43417,-3.58234
5.77799,-10.5372,-1.84798,-2.80129,-3.20217,-3.43419,-3.58236
7.00587,-33.8526,-1.84798,-2.80129,-3.20217,-3.43419,-3.58236
5.72339,-10.0215,-1.84798,-2.80129,-3.20217,-3.43419,-3.58236
7.07998,-36.456,-1.84798,-2.80129,-3.20217,-3.43419,-3.58236
6.84497,-28.9157,-1.84798,-2.80129,-3.20217,-3.43419,-3.58236
5.70378,-9.84376,-1.84798,-2.80129,-3.20217,-3.43419,-3.58236
6.59632,-22.8157,-1.84798,-2.80129,-3.20217,-3.43419,-3.58236
6.2041,-15.6052,-1.84798,-2.80129,-3.20217,-3.43419,-3.58236
6.23957,-16.2227,-1.84798,-2.80129,-3.20217,-3.43419,-3.58236
6.47543,-20.2297,-1.84798,-2.80129,-3.20217,-3.43419,-3.58236
6.05036,-13.571,-1.84798,-2.80129,-3.20217,-3.43419,-3.58236
6.3817,-18.5718,-1.84798,-2.80129,-3.20217,-3.43419,-3.58236
6.58271,-22.5186,-1.84798,-2.80129,-3.20217,-3.43419,-3.58236
6.18154,-15.3552,-1.84798,-2.80129,-3.20217,-3.43419,-3.58236
6.93272,-31.4435,-1.84798,-2.80129,-3.20217,-3.43419,-3.58236
6.75585,-26.457,-1.84798,-2.80129,-3.20217,-3.43419,-3.58236
6.17379,-15.0855,-1.84798,-2.80129,-3.20217,-3.43419,-3.58236
6.24638,-16.3281,-1.84798,-2.80129,-3.20217,-3.43419,-3.58236
5.82721,-11.0259,-1.84798,-2.80129,-3.20217,-3.43419,-3.58236
7.04429,-35.1398,-1.84798,-2.80129,-3.20217,-3.43419,-3.58236
6.18154,-15.3556,-1.84798,-2.80129,-3.20217,-3.43419,-3.58236
5.59221,-8.81183,-1.84798,-2.80128,-3.20217,-3.43419,-3.58236
6.70452,-25.3259,-1.84798,-2.80129,-3.20217,-3.43419,-3.58236
6.12457,-14.5506,-1.84798,-2.80129,-3.20217,-3.43419,-3.58236
6.31567,-17.418,-1.84798,-2.80129,-3.20217,-3.43419,-3.58236
7.07998,-36.3214,-1.84798,-2.80129,-3.20217,-3.43419,-3.58236
6.86888,-29.6847,-1.84798,-2.80129,-3.20217,-3.43419,-3.58236
6.33866,-17.8115,-1.84798,-2.80129,-3.20217,-3.43419,-3.58236
6.18154,-15.1976,-1.84798,-2.80129,-3.20217,-3.43419,-3.58236
6.79343,-27.5685,-1.84798,-2.80129,-3.20217,-3.43419,-3.58236
5.99768,-12.9048,-1.84798,-2.80129,-3.20217,-3.43419,-3.58236
6.68524,-24.8564,-1.84798,-2.80129,-3.20217,-3.43419,-3.58236
6.55067,-21.8149,-1.84798,-2.80129,-3.20217,-3.43419,-3.58236
7.0511,-35.4336,-1.84798,-2.80129,-3.20217,-3.43419,-3.58236
6.28536,-16.9436,-1.84798,-2.80129,-3.20217,-3.43419,-3.58236
6.8766,-29.8214,-1.84798,-2.80129,-3.20217,-3.43419,-3.58236
6.17379,-15.2439,-1.84798,-2.80129,-3.20217,-3.43419,-3.58236
6.4019,-18.8307,-1.84798,-2.80129,-3.20217,-3.43419,-3.58236
5.8998,-11.7927,-1.84798,-2.80129,-3.20217,-3.43419,-3.58236
6.95614,-32.1714,-1.84798,-2.80129,-3.20217,-3.43419,-3.58236
7.11566,-37.6018,-1.84798,-2.80129,-3.20217,-3.43419,-3.58236
6.2977,-17.1407,-1.84798,-2.80129,-3.20217,-3.43419,-3.58236
6.05036,-13.572,-1.84798,-2.80129,-3.20217,-3.43419,-3.58236
6.90091,-30.4865,-1.84798,-2.80129,-3.20217,-3.43419,-3.58236
6.44002,-19.6227,-1.84798,-2.80129,-3.20217,-3.43419,-3.58236
4.89906,-4.8553,-1.84798,-2.80128,-3.20216,-3.43418,-3.58235
4.89906,-4.86413,-1.84798,-2.80128,-3.20216,-3.43418,-3.58235
6.12457,-14.552,-1.84798,-2.80129,-3.20217,-3.43419,-3.58236
7.00882,-34.0315,-1.84798,-2.80129,-3.20217,-3.43419,-3.58236
6.93443,-31.5713,-1.84798,-2.80129,-3.20217,-3.43419,-3.58236
6.72827,-25.8808,-1.84798,-2.80129,-3.20217,-3.43419,-3.58236
5.59221,-8.73286,-1.84798,-2.80128,-3.20217,-3.43419,-3.58236
6.81121,-27.8407,-1.84798,-2.80129,-3.20217,-3.43419,-3.58236
5.24564,-6.51521,-1.84798,-2.80128,-3.20216,-3.43419,-3.58236
5.24564,-6.53577,-1.84798,-2.80128,-3.20216,-3.43419,-3.58236
6.45804,-19.9782,-1.84798,-2.80129,-3.20217,-3.43419,-3.58236
6.49224,-20.6437,-1.84798,-2.80129,-3.20217,-3.43419,-3.58236
6.59295,-22.7281,-1.84798,-2.80129,-3.20217,-3.43419,-3.58236
5.70378,-9.82073,-1.84798,-2.80129,-3.20217,-3.43419,-3.58236
5.95113,-12.195,-1.84798,-2.80129,-3.20217,-3.43419,-3.58236
6.17379,-15.2431,-1.84798,-2.80129,-3.20217,-3.43419,-3.58236
5.37682,-7.33368,-1.84798,-2.80128,-3.20216,-3.43419,-3.58236
6.49636,-20.7237,-1.84798,-2.80129,-3.20217,-3.43419,-3.58236
6.2041,-15.6733,-1.84798,-2.80129,-3.20217,-3.43419,-3.58236
6.75585,-26.6135,-1.84798,-2.80129,-3.20217,-3.43419,-3.58236
6.55067,-21.8218,-1.84798,-2.80129,-3.20217,-3.43419,-3.58236
4.89906,-4.8687,-1.84798,-2.80128,-3.20216,-3.43418,-3.58235
6.63193,-23.6121,-1.84798,-2.80129,-3.20217,-3.43419,-3.58236
6.81986,-28.3192,-1.84798,-2.80129,-3.20217,-3.43419,-3.58236
6.68524,-24.838,-1.84798,-2.80129,-3.20217,-3.43419,-3.58236
6.93952,-31.7302,-1.84798,-2.80129,-3.20217,-3.43419,-3.58236
5.70378,-9.84368,-1.84798,-2.80129,-3.20217,-3.43419,-3.58236
6.98472,-33.1413,-1.84798,-2.80129,-3.20217,-3.43419,-3.58236
6.68524,-24.7006,-1.84798,-2.80129,-3.20217,-3.43419,-3.58236
5.99768,-12.8369,-1.84798,-2.80129,-3.20217,-3.43419,-3.58236
5.93878,-12.2278,-1.84798,-2.80129,-3.20217,-3.43419,-3.58236
7.08252,-36.5382,-1.84798,-2.80129,-3.20217,-3.43419,-3.58236
6.07949,-13.9481,-1.84798,-2.80129,-3.20217,-3.43419,-3.58236
5.95113,-12.3677,-1.84798,-2.80129,-3.20217,-3.43419,-3.58236
6.65929,-24.2433,-1.84798,-2.80129,-3.20217,-3.43419,-3.58236
7.05513,-35.3514,-1.84798,-2.80129,-3.20217,-3.43419,-3.58236
6.62247,-23.3961,-1.84798,-2.80129,-3.20217,-3.43419,-3.58236
6.33866,-17.8249,-1.84798,-2.80129,-3.20217,-3.43419,-3.58236
6.77264,-27.0389,-1.84798,-2.80129,-3.20217,-3.43419,-3.58236
6.45804,-19.973,-1.84798,-2.80129,-3.20217,-3.43419,-3.58236
6.84293,-28.8788,-1.84798,-2.80129,-3.20217,-3.43419,-3.58236
6.28536,-16.9432,-1.84798,-2.80129,-3.20217,-3.43419,-3.58236
6.89725,-30.4484,-1.84798,-2.80129,-3.20217,-3.43419,-3.58236
6.41654,-19.1978,-1.84798,-2.80129,-3.20217,-3.43419,-3.58236
6.44002,-19.5542,-1.84798,-2.80129,-3.20217,-3.43419,-3.58236
6.82201,-28.138,-1.84798,-2.80129,-3.20217,-3.43419,-3.58236
6.23268,-16.0349,-1.84798,-2.80129,-3.20217,-3.43419,-3.58236
5.85752,-11.3242,-1.84798,-2.80129,-3.20217,-3.43419,-3.58236
6.59632,-22.7131,-1.84798,-2.80129,-3.20217,-3.43419,-3.58236
6.85508,-29.2891,-1.84798,-2.80129,-3.20217,-3.43419,-3.58236
6.88421,-30.1432,-1.84798,-2.80129,-3.20217,-3.43419,-3.58236
6.83674,-28.6154,-1.84798,-2.80129,-3.20217,-3.43419,-3.58236
5.8861,-11.6232,-1.84798,-2.80129,-3.20217,-3.43419,-3.58236
5.51095,-8.10697,-1.84798,-2.80128,-3.20217,-3.43419,-3.58236
6.33866,-17.825,-1.84798,-2.80129,-3.20217,-3.43419,-3.58236
6.73595,-26.0037,-1.84798,-2.80129,-3.20217,-3.43419,-3.58236
5.77799,-10.537,-1.84798,-2.80129,-3.20217,-3.43419,-3.58236
4.09434,-2.64378,-1.84798,-2.80129,-3.20216,-3.43417,-3.58234
6.72827,-25.8125,-1.84798,-2.80129,-3.20217,-3.43419,-3.58236
6.90635,-30.7194,-1.84798,-2.80129,-3.20217,-3.43419,-3.58236
4.78749,-4.4439,-1.84798,-2.80129,-3.20216,-3.43418,-3.58235
7.10242,-37.0509,-1.84798,-2.80129,-3.20217,-3.43419,-3.58236
5.37682,-7.33371,-1.84798,-2.80128,-3.20216,-3.43419,-3.58236
7.00439,-33.8041,-1.84798,-2.80129,-3.20217,-3.43419,-3.58236
6.92929,-31.4945,-1.84798,-2.80129,-3.20217,-3.43419,-3.58236
5.51095,-8.26524,-1.84798,-2.80128,-3.20217,-3.43419,-3.58236
6.38683,-18.6426,-1.84798,-2.80129,-3.20217,-3.43419,-3.58236
5.13407,-5.93431,-1.84798,-2.80128,-3.20216,-3.43418,-3.58236
6.14978,-14.8997,-1.84798,-2.80129,-3.20217,-3.43419,-3.58236
6.84293,-28.9266,-1.84798,-2.80129,-3.20217,-3.43419,-3.58236
4.89906,-4.86863,-1.84798,-2.80129,-3.20216,-3.43418,-3.58235
6.76311,-26.7219,-1.84798,-2.80129,-3.20217,-3.43419,-3.58236
6.49636,-20.5671,-1.84798,-2.80129,-3.20217,-3.43419,-3.58236
6.92756,-31.4228,-1.84798,-2.80129,-3.20217,-3.43419,-3.58236
6.75585,-26.534,-1.84798,-2.80129,-3.20217,-3.43419,-3.58236
6.9545,-32.2558,-1.84798,-2.80129,-3.20217,-3.43419,-3.58236
6.66224,-24.3105,-1.84798,-2.80129,-3.20217,-3.43419,-3.58236
6.63193,-23.5302,-1.84798,-2.80129,-3.20217,-3.43419,-3.58236
6.83674,-28.7723,-1.84798,-2.80129,-3.20217,-3.43419,-3.58236
6.49224,-20.597,-1.84798,-2.80129,-3.20217,-3.43419,-3.58236
6.2041,-15.605,-1.84798,-2.80129,-3.20217,-3.43419,-3.58236
6.39693,-18.7598,-1.84798,-2.80129,-3.20217,-3.43419,-3.58236
6.23957,-16.2093,-1.84798,-2.80129,-3.20217,-3.43419,-3.58236
6.65929,-24.2233,-1.84798,-2.80129,-3.20217,-3.43419,-3.58236
5.95113,-12.2111,-1.84798,-2.80129,-3.20217,-3.43419,-3.58236
6.72827,-25.6747,-1.84798,-2.80129,-3.20217,-3.43419,-3.58236
5.8998,-11.7899,-1.84798,-2.80129,-3.20217,-3.43419,-3.58236
6.31567,-17.4043,-1.84798,-2.80129,-3.20217,-3.43419,-3.58236
6.49636,-20.7248,-1.84798,-2.80129,-3.20217,-3.43419,-3.58236
6.7435,-26.1416,-1.84798,-2.80129,-3.20217,-3.43419,-3.58236
6.31567,-17.4389,-1.84798,-2.80129,-3.20217,-3.43419,-3.58236
6.7435,-26.2159,-1.84798,-2.80129,-3.20217,-3.43419,-3.58236
7.02188,-34.2965,-1.84798,-2.80129,-3.20217,-3.43419,-3.58236
6.92929,-31.3359,-1.84798,-2.80129,-3.20217,-3.43419,-3.58236
6.58615,-22.5934,-1.84798,-2.80129,-3.20217,-3.43419,-3.58236
6.05036,-13.5716,-1.84798,-2.80129,-3.20217,-3.43419,-3.58236
6.67099,-24.4961,-1.84798,-2.80129,-3.20217,-3.43419,-3.58236
6.69359,-24.9763,-1.84798,-2.80129,-3.20217,-3.43419,-3.58236
6.58615,-22.5934,-1.84798,-2.80129,-3.20217,-3.43419,-3.58236
6.88421,-30.1459,-1.84798,-2.80129,-3.20217,-3.43419,-3.58236
7.02188,-34.3491,-1.84798,-2.80129,-3.20217,-3.43419,-3.58236
6.89725,-30.3688,-1.84798,-2.80129,-3.20217,-3.43419,-3.58236
5.51095,-8.00905,-1.84798,-2.80128,-3.20217,-3.43419,-3.58236
6.44002,-19.6229,-1.84798,-2.80129,-3.20217,-3.43419,-3.58236
6.92929,-31.336,-1.84798,-2.80129,-3.20217,-3.43419,-3.58236
7.0511,-35.3637,-1.84798,-2.80129,-3.20217,-3.43419,-3.58236
5.59221,-8.89371,-1.84798,-2.80129,-3.20217,-3.43419,-3.58236
6.63814,-23.749,-1.84798,-2.80129,-3.20217,-3.43419,-3.58236
5.77799,-10.453,-1.84798,-2.80129,-3.20217,-3.43419,-3.58236
6.90091,-30.618,-1.84798,-2.80129,-3.20217,-3.43419,-3.58236
6.23957,-16.2215,-1.84798,-2.80129,-3.20217,-3.43419,-3.58236
5.82721,-11.0219,-1.84798,-2.80129,-3.20217,-3.43419,-3.58236
6.75585,-26.6153,-1.84798,-2.80129,-3.20217,-3.43419,-3.58236
6.63814,-23.7542,-1.84798,-2.80129,-3.20217,-3.43419,-3.58236
6.24638,-16.3076,-1.84798,-2.80129,-3.20217,-3.43419,-3.58236
5.37682,-7.17508,-1.84798,-2.80128,-3.20216,-3.43419,-3.58236
5.8998,-11.7929,-1.84798,-2.80129,-3.20217,-3.43419,-3.58236
6.92929,-31.4919,-1.84798,-2.80129,-3.20217,-3.43419,-3.58236
6.68524,-24.7768,-1.84798,-2.80129,-3.20217,-3.43419,-3.58236
6.66224,-24.2305,-1.84798,-2.80129,-3.20217,-3.43419,-3.58236
5.13407,-5.92154,-1.84798,-2.80128,-3.20216,-3.43418,-3.58236
6.07949,-13.9323,-1.84798,-2.80129,-3.20217,-3.43419,-3.58236
6.91352,-30.8579,-1.84798,-2.80129,-3.20217,-3.43419,-3.58236
5.51095,-8.23755,-1.84798,-2.80128,-3.20217,-3.43419,-3.58236
6.7435,-26.2861,-1.84798,-2.80129,-3.20217,-3.43419,-3.58236
7.0511,-35.3056,-1.84798,-2.80129,-3.20217,-3.43419,-3.58236
6.97851,-32.9614,-1.84798,-2.80129,-3.20217,-3.43419,-3.58236
6.80239,-27.7621,-1.84798,-2.80129,-3.20217,-3.43419,-3.58236
6.62247,-23.3835,-1.84798,-2.80129,-3.20217,-3.43419,-3.58236
6.4019,-18.7753,-1.84798,-2.80129,-3.20217,-3.43419,-3.58236
6.31567,-17.3458,-1.84798,-2.80129,-3.20217,-3.43419,-3.58236
6.47114,-20.2167,-1.84798,-2.80129,-3.20217,-3.43419,-3.58236
6.62247,-23.3841,-1.84798,-2.80129,-3.20217,-3.43419,-3.58236
6.29157,-16.8037,-1.84798,-2.80129,-3.20217,-3.43419,-3.58236
5.24564,-6.52241,-1.84798,-2.80128,-3.20216,-3.43419,-3.58236
6.81771,-28.2209,-1.84798,-2.80129,-3.20217,-3.43419,-3.58236
6.34425,-17.7607,-1.84798,-2.80129,-3.20217,-3.43419,-3.58236
5.59221,-8.85971,-1.84798,-2.80129,-3.20217,-3.43419,-3.58236
6.65929,-24.2207,-1.84798,-2.80129,-3.20217,-3.43419,-3.58236
5.59221,-8.89192,-1.84798,-2.80129,-3.20217,-3.43419,-3.58236
5.8998,-11.7774,-1.84798,-2.80129,-3.20217,-3.43419,-3.58236
6.88421,-30.0511,-1.84798,-2.80129,-3.20217,-3.43419,-3.58236
5.95113,-12.356,-1.84798,-2.80129,-3.20217,-3.43419,-3.58236
6.24638,-16.3252,-1.84798,-2.80129,-3.20217,-3.43419,-3.58236
6.7435,-26.214,-1.84798,-2.80129,-3.20217,-3.43419,-3.58236
6.85508,-29.1434,-1.84798,-2.80129,-3.20217,-3.43419,-3.58236
6.72827,-25.9012,-1.84798,-2.80129,-3.20217,-3.43419,-3.58236
6.75585,-26.5135,-1.84798,-2.80129,-3.20217,-3.43419,-3.58236
6.2977,-17.1412,-1.84798,-2.80129,-3.20217,-3.43419,-3.58236
6.05036,-13.5563,-1.84798,-2.80129,-3.20217,-3.43419,-3.58236
6.85508,-29.2886,-1.84798,-2.80129,-3.20217,-3.43419,-3.58236
6.90635,-30.7199,-1.84798,-2.80129,-3.20217,-3.43419,-3.58236
6.59295,-22.7281,-1.84798,-2.80129,-3.20217,-3.43419,-3.58236
6.67099,-24.4336,-1.84798,-2.80129,-3.20217,-3.43419,-3.58236
5.51095,-8.26525,-1.84798,-2.80128,-3.20217,-3.43419,-3.58236
6.75585,-26.3231,-1.84798,-2.80129,-3.20217,-3.43419,-3.58236
6.17379,-15.1618,-1.84798,-2.80129,-3.20217,-3.43419,-3.58236
6.24638,-16.3254,-1.84798,-2.80129,-3.20217,-3.43419,-3.58236
6.99842,-33.5189,-1.84798,-2.80129,-3.20217,-3.43419,-3.58236
6.99085,-33.2714,-1.84798,-2.80129,-3.20217,-3.43419,-3.58236
6.67099,-24.4985,-1.84798,-2.80129,-3.20217,-3.43419,-3.58236
6.68524,-24.8382,-1.84798,-2.80129,-3.20217,-3.43419,-3.58236
4.89906,-4.86841,-1.84798,-2.80128,-3.20216,-3.43418,-3.58235
6.93952,-31.5721,-1.84798,-2.80129,-3.20217,-3.43419,-3.58236
7.00439,-33.7106,-1.84798,-2.80129,-3.20217,-3.43419,-3.58236
5.70378,-9.84311,-1.84798,-2.80129,-3.20217,-3.43419,-3.58236
6.9738,-32.7313,-1.84798,-2.80129,-3.20217,-3.43419,-3.58236
6.4019,-18.9337,-1.84798,-2.80129,-3.20217,-3.43419,-3.58236
5.8998,-11.7791,-1.84798,-2.80129,-3.20217,-3.43419,-3.58236
6.5085,-20.9685,-1.84798,-2.80129,-3.20217,-3.43419,-3.58236
6.24638,-16.246,-1.84798,-2.80129,-3.20217,-3.43419,-3.58236
6.80239,-27.7973,-1.84798,-2.80129,-3.20217,-3.43419,-3.58236
6.52811,-21.3644,-1.84798,-2.80129,-3.20217,-3.43419,-3.58236
6.85508,-29.2909,-1.84798,-2.80129,-3.20217,-3.43419,-3.58236
4.44092,-3.28509,-1.84798,-2.80128,-3.20216,-3.43417,-3.58234
6.47543,-20.2918,-1.84798,-2.80129,-3.20217,-3.43419,-3.58236
4.09434,-2.64383,-1.84798,-2.80129,-3.20216,-3.43417,-3.58234
5.19296,-6.24396,-1.84798,-2.80128,-3.20216,-3.43419,-3.58236
6.80239,-27.7618,-1.84798,-2.80129,-3.20217,-3.43419,-3.58236
5.70378,-9.84376,-1.84798,-2.80129,-3.20217,-3.43419,-3.58236
6.81121,-27.9955,-1.84798,-2.80129,-3.20217,-3.43419,-3.58236
6.14978,-14.8205,-1.84798,-2.80129,-3.20217,-3.43419,-3.58236
6.49224,-20.6391,-1.84798,-2.80129,-3.20217,-3.43419,-3.58236
5.37682,-7.17493,-1.84798,-2.80128,-3.20216,-3.43419,-3.58236
5.85752,-11.3368,-1.84798,-2.80129,-3.20217,-3.43419,-3.58236
5.51095,-8.26548,-1.84798,-2.80128,-3.20217,-3.43419,-3.58236
6.58615,-22.5799,-1.84798,-2.80129,-3.20217,-3.43419,-3.58236
5.37682,-7.25227,-1.84798,-2.80128,-3.20216,-3.43419,-3.58236
6.92756,-31.4396,-1.84798,-2.80129,-3.20217,-3.43419,-3.58236
6.88421,-30.1202,-1.84798,-2.80129,-3.20217,-3.43419,-3.58236
5.59221,-8.89348,-1.84798,-2.80129,-3.20217,-3.43419,-3.58236
6.28536,-16.9408,-1.84798,-2.80129,-3.20217,-3.43419,-3.58236
5.70378,-9.68182,-1.84798,-2.80129,-3.20217,-3.43419,-3.58236
6.5085,-20.8103,-1.84798,-2.80129,-3.20217,-3.43419,-3.58236
5.77799,-10.5352,-1.84798,-2.80129,-3.20217,-3.43419,-3.58236
7.07613,-36.3113,-1.84798,-2.80129,-3.20217,-3.43419,-3.58236
6.5085,-20.9668,-1.84798,-2.80129,-3.20217,-3.43419,-3.58236
6.85508,-29.3013,-1.84798,-2.80129,-3.20217,-3.43419,-3.58236
6.93952,-31.5721,-1.84798,-2.80129,-3.20217,-3.43419,-3.58236
6.92929,-31.4111,-1.84798,-2.80129,-3.20217,-3.43419,-3.58236
6.89725,-30.5073,-1.84798,-2.80129,-3.20217,-3.43419,-3.58236
6.87469,-29.8546,-1.84798,-2.80129,-3.20217,-3.43419,-3.58236
6.68524,-24.6865,-1.84798,-2.80129,-3.20217,-3.43419,-3.58236
6.64428,-23.8935,-1.84798,-2.80129,-3.20217,-3.43419,-3.58236
6.07949,-13.9454,-1.84798,-2.80129,-3.20217,-3.43419,-3.58236
6.07949,-13.9431,-1.84798,-2.80129,-3.20217,-3.43419,-3.58236
6.73595,-26.0037,-1.84798,-2.80129,-3.20217,-3.43419,-3.58236
6.73595,-26.0946,-1.84798,-2.80129,-3.20217,-3.43419,-3.58236
5.13407,-5.93467,-1.84798,-2.80128,-3.20216,-3.43418,-3.58236
6.75585,-26.6136,-1.84798,-2.80129,-3.20217,-3.43419,-3.58236
6.45804,-19.9628,-1.84798,-2.80129,-3.20217,-3.43419,-3.58236
6.81121,-28.0785,-1.84798,-2.80129,-3.20217,-3.43419,-3.58236
5.85752,-11.3389,-1.84798,-2.80129,-3.20217,-3.43419,-3.58236
6.60956,-23.1068,-1.84798,-2.80129,-3.20217,-3.43419,-3.58236
6.23957,-16.2204,-1.84798,-2.80129,-3.20217,-3.43419,-3.58236
6.39693,-18.8434,-1.84798,-2.80129,-3.20217,-3.43419,-3.58236
5.99768,-12.917,-1.84798,-2.80129,-3.20217,-3.43419,-3.58236
6.65929,-24.0694,-1.84798,-2.80129,-3.20217,-3.43419,-3.58236
6.28536,-16.93,-1.84798,-2.80129,-3.20217,-3.43419,-3.58236
6.17379,-15.2435,-1.84798,-2.80129,-3.20217,-3.43419,-3.58236
5.53953,-8.48041,-1.84798,-2.80129,-3.20217,-3.43419,-3.58236
6.59632,-22.8152,-1.84798,-2.80129,-3.20217,-3.43419,-3.58236
6.75585,-26.6023,-1.84798,-2.80129,-3.20217,-3.43419,-3.58236
