og_distance,og_popularity,d_shock_0.9,d_shock_0.91,d_shock_0.92,d_shock_0.93,d_shock_0.94,d_shock_0.95,d_shock_0.96,d_shock_0.97,d_shock_0.98,d_shock_0.99
6.65929,-24.2232,-1.94817e-11,-1.95148e-11,-1.95413e-11,-1.95617e-11,-1.95781e-11,-1.95912e-11,-1.96012e-11,-1.96094e-11,-1.96159e-11,-1.9621e-11
6.58271,-22.5051,-1.89624e-11,-1.91083e-11,-1.92255e-11,-1.93201e-11,-1.9396e-11,-1.94575e-11,-1.95068e-11,-1.95466e-11,-1.95786e-11,-1.96043e-11
6.49224,-20.6301,-1.61391e-11,-1.68656e-11,-1.74616e-11,-1.79505e-11,-1.83515e-11,-1.86806e-11,-1.89506e-11,-1.9172e-11,-1.93539e-11,-1.95026e-11
6.06997,-13.652,4.76771e-09,3.94274e-09,3.21823e-09,2.58211e-09,2.02396e-09,1.32436e-09,9.67367e-10,6.01504e-10,3.50139e-10,1.29371e-10
6.98626,-33.122,-1.96252e-11,-1.96252e-11,-1.96252e-11,-1.96252e-11,-1.96252e-11,-1.96252e-11,-1.96252e-11,-1.96252e-11,-1.96252e-11,-1.96252e-11
6.85508,-29.0641,-1.96232e-11,-1.96236e-11,-1.96241e-11,-1.96243e-11,-1.96243e-11,-1.96247e-11,-1.96247e-11,-1.96247e-11,-1.96247e-11,-1.96252e-11
4.89906,-4.70573,7.02652e-06,6.19128e-06,5.38866e-06,4.61738e-06,3.87623e-06,3.16405e-06,2.47971e-06,1.82214e-06,1.1903e-06,5.83185e-07
7.02758,-34.502,-1.96252e-11,-1.96252e-11,-1.96252e-11,-1.96252e-11,-1.96252e-11,-1.96252e-11,-1.96252e-11,-1.96252e-11,-1.96252e-11,-1.96252e-11
5.72339,-10.0199,1.13152e-07,9.66094e-08,8.15175e-08,6.77489e-08,5.51877e-08,4.37279e-08,3.3273e-08,2.37345e-08,1.50325e-08,7.0914e-09
5.95113,-12.2112,1.68052e-08,1.41071e-08,1.17012e-08,9.55864e-09,7.64958e-09,5.94881e-09,4.43098e-09,3.07838e-09,1.86733e-09,6.59125e-10
6.41654,-19.2004,-1.5749e-11,-9.74598e-12,-1.17955e-11,-1.35012e-11,-1.4921e-11,-1.61027e-11,-1.70861e-11,-1.79048e-11,-1.8586e-11,-1.91531e-11
5.53953,-8.48042,4.02508e-07,3.47079e-07,2.95723e-07,2.48143e-07,2.04059e-07,1.63215e-07,1.25374e-07,9.03143e-08,5.78319e-08,2.7736e-08
6.06997,-13.8238,4.31992e-09,3.56987e-09,2.91092e-09,2.33219e-09,1.8243e-09,1.20385e-09,8.06662e-10,5.44817e-10,3.14845e-10,1.01874e-10
6.31567,-17.2795,9.41465e-11,6.41842e-11,3.7703e-11,1.9126e-11,3.38951e-12,-9.94049e-12,-2.12321e-11,-2.05891e-11,-2.68738e-11,-1.69751e-11
6.76311,-26.8035,-1.96105e-11,-1.96141e-11,-1.9617e-11,-1.9619e-11,-1.96207e-11,-1.96219e-11,-1.9623e-11,-1.96236e-11,-1.96243e-11,-1.96247e-11
7.03181,-34.5655,-1.96252e-11,-1.96252e-11,-1.96252e-11,-1.96252e-11,-1.96252e-11,-1.96252e-11,-1.96252e-11,-1.96252e-11,-1.96252e-11,-1.96252e-11
7.07485,-36.1783,-1.96252e-11,-1.96252e-11,-1.96252e-11,-1.96252e-11,-1.96252e-11,-1.96252e-11,-1.96252e-11,-1.96252e-11,-1.96252e-11,-1.96252e-11
5.8998,-11.7929,2.53176e-08,2.13486e-08,1.77912e-08,1.46026e-08,1.17448e-08,9.1835e-09,6.88566e-09,4.82524e-09,2.97988e-09,1.15962e-09
7.11921,-37.7944,-1.96252e-11,-1.96252e-11,-1.96252e-11,-1.96252e-11,-1.96252e-11,-1.96252e-11,-1.96252e-11,-1.96252e-11,-1.96252e-11,-1.96252e-11
6.12457,-14.5302,2.25886e-09,1.84258e-09,1.28935e-09,1.02677e-09,7.97838e-10,5.98229e-10,3.92278e-10,2.5364e-10,1.32762e-10,2.7891e-11
6.31567,-17.3573,8.53921e-11,5.95275e-11,3.76179e-11,1.90585e-11,3.33733e-12,-4.44045e-12,-1.3191e-11,-2.06037e-11,-1.38516e-11,-1.69771e-11
7.11566,-37.7508,-1.96252e-11,-1.96252e-11,-1.96252e-11,-1.96252e-11,-1.96252e-11,-1.96252e-11,-1.96252e-11,-1.96252e-11,-1.96252e-11,-1.96252e-11
5.51095,-8.26485,4.7934e-07,4.13885e-07,3.53109e-07,2.96679e-07,2.44283e-07,1.95634e-07,1.50463e-07,1.08523e-07,6.9582e-08,3.34246e-08
5.48064,-8.04311,5.73225e-07,4.95629e-07,4.2342e-07,3.56225e-07,2.93696e-07,2.35508e-07,1.81361e-07,1.30975e-07,8.40874e-08,4.04552e-08
6.70452,-25.3261,-1.9571e-11,-1.95837e-11,-1.95939e-11,-1.96017e-11,-1.96079e-11,-1.96128e-11,-1.96165e-11,-1.96194e-11,-1.96219e-11,-1.96234e-11
6.24638,-16.3273,3.23042e-10,2.52436e-10,1.91959e-10,1.25479e-10,8.70966e-11,5.42202e-11,2.60596e-11,4.865e-12,-1.11846e-11,-1.26907e-11
5.70378,-9.83032,1.32589e-07,1.13338e-07,9.57429e-08,7.9663e-08,6.49667e-08,5.15352e-08,3.92597e-08,2.80406e-08,1.77865e-08,8.41373e-09
6.34425,-17.8379,3.82472e-11,2.10243e-11,6.50502e-12,-5.73497e-12,-1.60538e-11,-1.58999e-11,-2.15881e-11,-2.63836e-11,-1.59339e-11,-1.79368e-11
5.77799,-10.5372,7.33768e-08,6.24335e-08,5.2501e-08,4.34859e-08,3.53036e-08,2.7877e-08,2.11365e-08,1.50181e-08,9.46514e-09,4.42235e-09
6.81121,-27.911,-1.96199e-11,-1.96212e-11,-1.96221e-11,-1.9623e-11,-1.96234e-11,-1.96241e-11,-1.96243e-11,-1.96245e-11,-1.96247e-11,-1.96247e-11
6.05036,-13.5716,5.40514e-09,4.48167e-09,3.66836e-09,2.95224e-09,2.322e-09,1.76798e-09,1.12049e-09,7.01173e-10,4.12856e-10,1.41778e-10
6.52036,-21.2076,-1.753e-11,-1.79741e-11,-1.8336e-11,-1.86315e-11,-1.88725e-11,-1.90692e-11,-1.92293e-11,-1.93603e-11,-1.94671e-11,-1.95541e-11
6.58615,-22.5914,-1.90101e-11,-1.9146e-11,-1.92548e-11,-1.93425e-11,-1.94134e-11,-1.94702e-11,-1.95157e-11,-1.95524e-11,-1.95821e-11,-1.96059e-11
6.47114,-20.0723,-1.4273e-11,-1.53748e-11,-1.62823e-11,-1.70299e-11,-1.76457e-11,-1.8153e-11,-1.85711e-11,-1.89153e-11,-1.91989e-11,-1.94325e-11
6.18154,-15.1976,9.94387e-10,7.40159e-10,5.91078e-10,4.62136e-10,3.50611e-10,2.54151e-10,1.70721e-10,8.93428e-11,3.54126e-11,-5.41123e-12
6.23957,-16.2079,3.65515e-10,2.87441e-10,2.20497e-10,1.63095e-10,1.13875e-10,6.62035e-11,3.4909e-11,8.07576e-12,-8.25429e-12,-2.35727e-11
6.24638,-16.1696,3.54355e-10,2.78045e-10,2.12682e-10,1.56695e-10,9.81371e-11,6.26432e-11,3.22407e-11,6.19971e-12,-9.19176e-12,-1.21643e-11
6.47543,-20.293,-1.49587e-11,-1.59217e-11,-1.67144e-11,-1.73668e-11,-1.79039e-11,-1.83455e-11,-1.87095e-11,-1.90088e-11,-1.9255e-11,-1.9458e-11
6.49224,-20.6396,-1.61657e-11,-1.68865e-11,-1.7478e-11,-1.79632e-11,-1.83613e-11,-1.86877e-11,-1.89557e-11,-1.91753e-11,-1.93559e-11,-1.95037e-11
6.80239,-27.8096,-1.96192e-11,-1.96207e-11,-1.96219e-11,-1.96227e-11,-1.96234e-11,-1.96239e-11,-1.96243e-11,-1.96243e-11,-1.96247e-11,-1.96247e-11
6.33866,-17.7854,4.22473e-11,2.30935e-11,8.20166e-12,-4.36429e-12,-1.4968e-11,-2.39155e-11,-2.10953e-11,-2.60409e-11,-3.02143e-11,-1.78773e-11
6.58271,-22.3604,-1.89191e-11,-1.90743e-11,-1.91995e-11,-1.93001e-11,-1.93812e-11,-1.94464e-11,-1.94991e-11,-1.95415e-11,-1.95755e-11,-1.9603e-11
6.67099,-24.4371,-1.95057e-11,-1.95335e-11,-1.95552e-11,-1.95726e-11,-1.95861e-11,-1.9597e-11,-1.96057e-11,-1.96123e-11,-1.96176e-11,-1.96216e-11
6.34425,-17.9066,3.24945e-11,1.63745e-11,2.78488e-12,-3.38929e-12,-1.08888e-11,-1.72111e-11,-1.12881e-11,-1.39324e-11,-1.61613e-11,-1.80407e-11
6.24638,-16.1697,3.54354e-10,2.78044e-10,2.12681e-10,1.56694e-10,9.81368e-11,6.26432e-11,3.22407e-11,6.19949e-12,-9.19176e-12,-2.40123e-11
5.70378,-9.84372,1.3105e-07,1.12023e-07,9.46327e-08,7.87392e-08,6.42134e-08,5.09376e-08,3.88045e-08,2.77152e-08,1.75801e-08,8.31566e-09
7.04017,-34.8386,-1.96252e-11,-1.96252e-11,-1.96252e-11,-1.96252e-11,-1.96252e-11,-1.96252e-11,-1.96252e-11,-1.96252e-11,-1.96252e-11,-1.96252e-11
6.87469,-29.851,-1.96241e-11,-1.96243e-11,-1.96245e-11,-1.96247e-11,-1.96247e-11,-1.96247e-11,-1.96247e-11,-1.96247e-11,-1.96252e-11,-1.96252e-11
6.47114,-20.2298,-1.46507e-11,-1.56748e-11,-1.65181e-11,-1.72129e-11,-1.77853e-11,-1.8257e-11,-1.86453e-11,-1.89655e-11,-1.92291e-11,-1.94462e-11
6.93443,-31.4115,-1.96247e-11,-1.96247e-11,-1.96247e-11,-1.96247e-11,-1.96252e-11,-1.96252e-11,-1.96252e-11,-1.96252e-11,-1.96252e-11,-1.96252e-11
4.89906,-4.84584,6.52293e-06,5.74746e-06,5.00228e-06,4.28622e-06,3.59817e-06,2.93703e-06,2.30176e-06,1.69135e-06,1.10484e-06,5.41308e-07
6.55434,-21.8985,-1.84908e-11,-1.87361e-11,-1.89349e-11,-1.90958e-11,-1.92262e-11,-1.93316e-11,-1.94171e-11,-1.94866e-11,-1.95426e-11,-1.95881e-11
6.70452,-25.3232,-1.95708e-11,-1.95837e-11,-1.95937e-11,-1.96017e-11,-1.96079e-11,-1.96128e-11,-1.96165e-11,-1.96194e-11,-1.96219e-11,-1.96234e-11
6.70452,-25.3216,-1.95708e-11,-1.95837e-11,-1.95937e-11,-1.96017e-11,-1.96079e-11,-1.96128e-11,-1.96165e-11,-1.96194e-11,-1.96219e-11,-1.96234e-11
5.8998,-11.7722,2.56111e-08,2.15962e-08,1.79976e-08,1.47722e-08,1.18813e-08,9.29049e-09,6.96608e-09,4.88189e-09,3.0153e-09,1.17335e-09
6.3817,-18.49,-9.25038e-13,-5.10481e-12,-1.1545e-11,-1.69387e-11,-2.14562e-11,-1.28857e-11,-1.4748e-11,-1.63078e-11,-1.76144e-11,-1.87086e-11
7.03181,-34.6312,-1.96252e-11,-1.96252e-11,-1.96252e-11,-1.96252e-11,-1.96252e-11,-1.96252e-11,-1.96252e-11,-1.96252e-11,-1.96252e-11,-1.96252e-11
7.07226,-35.9676,-1.96252e-11,-1.96252e-11,-1.96252e-11,-1.96252e-11,-1.96252e-11,-1.96252e-11,-1.96252e-11,-1.96252e-11,-1.96252e-11,-1.96252e-11
5.85752,-11.1812,4.05489e-08,3.4309e-08,2.86908e-08,2.36326e-08,1.90774e-08,1.49773e-08,1.12847e-08,7.96024e-09,4.96851e-09,2.26636e-09
5.70378,-9.84355,1.31048e-07,1.12021e-07,9.46314e-08,7.87381e-08,6.42125e-08,5.09369e-08,3.8804e-08,2.77148e-08,1.75799e-08,8.31555e-09
6.28536,-16.9229,1.64273e-10,1.2175e-10,7.82123e-11,5.15605e-11,2.88725e-11,9.55769e-12,-2.00173e-12,-1.28713e-11,-1.10427e-11,-1.56786e-11
6.4019,-18.913,-9.92517e-12,-1.52252e-11,-1.96483e-11,-1.17579e-11,-1.35709e-11,-1.50835e-11,-1.6346e-11,-1.73996e-11,-1.82789e-11,-1.90126e-11
6.55067,-21.8211,-1.84106e-11,-1.86726e-11,-1.88851e-11,-1.90572e-11,-1.91969e-11,-1.93099e-11,-1.94018e-11,-1.94762e-11,-1.95366e-11,-1.95854e-11
5.24564,-6.53571,1.88262e-06,1.6427e-06,1.41603e-06,1.20187e-06,9.99549e-07,8.084e-07,6.27808e-07,4.57194e-07,2.96005e-07,1.43724e-07
6.28536,-16.9039,1.66645e-10,1.23681e-10,8.71059e-11,5.59697e-11,2.94638e-11,1.01779e-11,-6.4313e-12,-2.05704e-11,-2.19815e-11,-2.99358e-11
6.47543,-20.2319,-1.46532e-11,-1.5679e-11,-1.65237e-11,-1.72187e-11,-1.77909e-11,-1.82618e-11,-1.86495e-11,-1.89684e-11,-1.92311e-11,-1.94471e-11
6.49636,-20.7237,-1.641e-11,-1.70819e-11,-1.76321e-11,-1.80835e-11,-1.84535e-11,-1.87566e-11,-1.90052e-11,-1.92091e-11,-1.93758e-11,-1.95128e-11
6.23268,-16.1172,4.01188e-10,3.1693e-10,2.44607e-10,1.62133e-10,1.16038e-10,7.64719e-11,4.25102e-11,1.37377e-11,-5.70055e-12,-1.1191e-11
6.99842,-33.5184,-1.96252e-11,-1.96252e-11,-1.96252e-11,-1.96252e-11,-1.96252e-11,-1.96252e-11,-1.96252e-11,-1.96252e-11,-1.96252e-11,-1.96252e-11
6.80239,-27.8435,-1.96194e-11,-1.96207e-11,-1.96219e-11,-1.96227e-11,-1.96234e-11,-1.96239e-11,-1.96243e-11,-1.96243e-11,-1.96247e-11,-1.96247e-11
5.8998,-11.7926,2.53142e-08,2.13458e-08,1.77888e-08,1.46007e-08,1.17432e-08,9.18226e-09,6.88473e-09,4.82457e-09,2.97946e-09,1.15943e-09
5.70378,-9.84071,1.31253e-07,1.12196e-07,9.47792e-08,7.88609e-08,6.43126e-08,5.10162e-08,3.88643e-08,2.77578e-08,1.76072e-08,8.32856e-09
6.75585,-26.6135,-1.96079e-11,-1.96119e-11,-1.96152e-11,-1.96179e-11,-1.96199e-11,-1.96212e-11,-1.96225e-11,-1.96234e-11,-1.96241e-11,-1.96245e-11
5.93878,-12.2282,1.74328e-08,1.46492e-08,1.21651e-08,9.94815e-09,7.96985e-09,6.20471e-09,4.62618e-09,3.21633e-09,1.96017e-09,6.96732e-10
5.24564,-6.51516,1.9048e-06,1.66205e-06,1.43271e-06,1.21604e-06,1.01133e-06,8.17923e-07,6.35203e-07,4.62578e-07,2.99491e-07,1.45414e-07
5.82721,-11.0219,4.87182e-08,4.13121e-08,3.4623e-08,2.85813e-08,2.31245e-08,1.81961e-08,1.37434e-08,9.72378e-09,6.08888e-09,2.80087e-09
6.06997,-13.8101,4.37142e-09,3.61262e-09,2.94599e-09,2.36051e-09,1.84668e-09,1.21828e-09,8.88338e-10,5.51597e-10,3.19067e-10,1.14842e-10
6.90091,-30.4675,-1.96243e-11,-1.96247e-11,-1.96247e-11,-1.96247e-11,-1.96247e-11,-1.96247e-11,-1.96247e-11,-1.96252e-11,-1.96252e-11,-1.96252e-11
4.78749,-4.32878,9.57634e-06,8.45876e-06,7.38007e-06,6.33895e-06,5.3341e-06,4.36428e-06,3.42829e-06,2.52495e-06,1.65315e-06,8.11793e-07
6.79343,-27.4284,-1.96172e-11,-1.96194e-11,-1.96207e-11,-1.96219e-11,-1.96227e-11,-1.96234e-11,-1.96239e-11,-1.96243e-11,-1.96245e-11,-1.96247e-11
6.3817,-18.4897,-9.26148e-13,-5.10525e-12,-1.15452e-11,-1.69389e-11,-2.14564e-11,-1.28857e-11,-1.4748e-11,-1.63078e-11,-1.76144e-11,-1.87086e-11
5.51095,-8.26523,4.79259e-07,4.13815e-07,3.53049e-07,2.96629e-07,2.44242e-07,1.95601e-07,1.50438e-07,1.08505e-07,6.95706e-08,3.34192e-08
6.05036,-13.5511,5.46935e-09,4.5351e-09,3.7123e-09,2.98783e-09,2.35024e-09,1.78974e-09,1.134e-09,7.09705e-10,4.18176e-10,1.61488e-10
5.51095,-8.26556,4.79346e-07,4.1389e-07,3.53114e-07,2.96683e-07,2.44286e-07,1.95636e-07,1.50465e-07,1.08524e-07,6.95828e-08,3.3425e-08
7.00587,-33.7755,-1.96252e-11,-1.96252e-11,-1.96252e-11,-1.96252e-11,-1.96252e-11,-1.96252e-11,-1.96252e-11,-1.96252e-11,-1.96252e-11,-1.96252e-11
6.96745,-32.6856,-1.96247e-11,-1.96252e-11,-1.96252e-11,-1.96252e-11,-1.96252e-11,-1.96252e-11,-1.96252e-11,-1.96252e-11,-1.96252e-11,-1.96252e-11
6.7435,-26.1257,-1.96003e-11,-1.96065e-11,-1.9611e-11,-1.96145e-11,-1.96174e-11,-1.96196e-11,-1.96212e-11,-1.96227e-11,-1.96236e-11,-1.96243e-11
6.59632,-22.8131,-1.91203e-11,-1.92324e-11,-1.93223e-11,-1.93945e-11,-1.94522e-11,-1.94988e-11,-1.95362e-11,-1.95661e-11,-1.95901e-11,-1.96094e-11
5.8861,-11.6396,2.88289e-08,2.43373e-08,2.03052e-08,1.66859e-08,1.34356e-08,1.05193e-08,7.90197e-09,5.55042e-09,3.43396e-09,1.34137e-09
7.04429,-34.9206,-1.96252e-11,-1.96252e-11,-1.96252e-11,-1.96252e-11,-1.96252e-11,-1.96252e-11,-1.96252e-11,-1.96252e-11,-1.96252e-11,-1.96252e-11
5.8998,-11.6345,2.75602e-08,2.32409e-08,1.93696e-08,1.59e-08,1.27903e-08,1.00035e-08,7.50449e-09,5.26485e-09,3.25464e-09,1.26061e-09
6.92929,-31.2384,-1.96247e-11,-1.96247e-11,-1.96247e-11,-1.96247e-11,-1.96247e-11,-1.96252e-11,-1.96252e-11,-1.96252e-11,-1.96252e-11,-1.96252e-11
6.60956,-23.108,-1.92362e-11,-1.93232e-11,-1.93929e-11,-1.94484e-11,-1.94931e-11,-1.95288e-11,-1.95575e-11,-1.95803e-11,-1.95985e-11,-1.96132e-11
6.72827,-25.8918,-1.95928e-11,-1.96003e-11,-1.96065e-11,-1.96112e-11,-1.9615e-11,-1.96176e-11,-1.96199e-11,-1.96219e-11,-1.96232e-11,-1.96243e-11
6.34425,-17.838,3.82228e-11,2.10045e-11,6.48903e-12,-5.74762e-12,-9.15867e-12,-1.59046e-11,-2.15918e-11,-2.6386e-11,-1.59346e-11,-1.7937e-11
6.17379,-15.2412,1.01617e-09,8.24253e-10,6.06058e-10,4.74576e-10,3.60727e-10,2.62147e-10,1.76788e-10,1.02877e-10,3.78639e-11,-4.46732e-12
6.41654,-18.959,-2.00879e-11,-2.63709e-11,-2.12355e-11,-2.46063e-11,-2.74119e-11,-2.97469e-11,-1.66833e-11,-1.76317e-11,-1.84213e-11,-1.90781e-11
6.58615,-22.5934,-1.9011e-11,-1.91462e-11,-1.92553e-11,-1.9343e-11,-1.94134e-11,-1.94702e-11,-1.95159e-11,-1.95524e-11,-1.95821e-11,-1.96059e-11
5.59221,-8.89129,2.87715e-07,2.4745e-07,2.10298e-07,1.7602e-07,1.44391e-07,1.15209e-07,8.82829e-08,6.34394e-08,4.0517e-08,1.93661e-08
6.72569,-25.6921,-1.95883e-11,-1.95972e-11,-1.96043e-11,-1.96094e-11,-1.96136e-11,-1.9617e-11,-1.96194e-11,-1.96212e-11,-1.9623e-11,-1.96241e-11
6.52811,-21.3466,-1.77864e-11,-1.81777e-11,-1.84965e-11,-1.87563e-11,-1.89677e-11,-1.914e-11,-1.92801e-11,-1.93945e-11,-1.94875e-11,-1.95635e-11
6.18154,-15.3552,8.39488e-10,6.80008e-10,5.42071e-10,4.22767e-10,3.19579e-10,2.3033e-10,1.53137e-10,7.89511e-11,2.89977e-11,-7.67786e-12
6.45804,-19.8956,-2.53266e-11,-2.76517e-11,-1.54317e-11,-1.63636e-11,-1.71332e-11,-1.77689e-11,-1.82938e-11,-1.87272e-11,-1.90852e-11,-1.93809e-11
4.89906,-4.76627,7.08767e-06,6.24519e-06,5.43559e-06,4.6576e-06,3.91e-06,3.19162e-06,2.50133e-06,1.83803e-06,1.20068e-06,5.88274e-07
6.05036,-13.5717,5.40514e-09,4.48167e-09,3.66837e-09,2.95224e-09,2.322e-09,1.76798e-09,1.12049e-09,7.01173e-10,4.12857e-10,1.41779e-10
6.52811,-21.3674,-1.7804e-11,-1.81917e-11,-1.85074e-11,-1.87645e-11,-1.89739e-11,-1.91445e-11,-1.92837e-11,-1.93967e-11,-1.94889e-11,-1.95639e-11
4.89906,-4.86851,6.43709e-06,5.6718e-06,4.93642e-06,4.22978e-06,3.55078e-06,2.89834e-06,2.27144e-06,1.66907e-06,1.09029e-06,5.3418e-07
5.85752,-11.3396,3.72466e-08,3.15139e-08,2.63522e-08,2.17047e-08,1.75203e-08,1.37529e-08,1.03594e-08,7.30331e-09,4.55262e-09,2.07731e-09
6.5085,-20.9684,-1.70344e-11,-1.75797e-11,-1.80254e-11,-1.83897e-11,-1.86877e-11,-1.89315e-11,-1.91309e-11,-1.92937e-11,-1.94271e-11,-1.95359e-11
5.95113,-12.3663,1.54553e-08,1.2972e-08,1.07588e-08,8.7865e-09,7.02898e-09,5.46313e-09,4.06856e-09,2.82228e-09,1.48142e-09,6.05983e-10
6.49636,-20.6434,-1.61693e-11,-1.68912e-11,-1.74829e-11,-1.79681e-11,-1.83658e-11,-1.86915e-11,-1.89586e-11,-1.91778e-11,-1.93574e-11,-1.95044e-11
6.76311,-26.6456,-1.96094e-11,-1.96132e-11,-1.96163e-11,-1.96185e-11,-1.96203e-11,-1.96216e-11,-1.96227e-11,-1.96234e-11,-1.96243e-11,-1.96247e-11
6.34425,-17.916,3.18163e-11,1.58265e-11,2.34657e-12,-3.65152e-12,-1.10922e-11,-1.73646e-11,-1.13514e-11,-1.39755e-11,-1.61877e-11,-1.80527e-11
5.72339,-10.0219,1.12956e-07,9.64426e-08,8.1377e-08,6.76323e-08,5.50928e-08,4.36528e-08,3.3216e-08,2.36939e-08,1.50067e-08,7.07908e-09
5.48064,-8.04312,5.73226e-07,4.95629e-07,4.2342e-07,3.56225e-07,2.93696e-07,2.35508e-07,1.81361e-07,1.30975e-07,8.40875e-08,4.04553e-08
5.13407,-5.85128,3.23895e-06,2.83626e-06,2.45349e-06,2.08964e-06,1.74379e-06,1.41504e-06,1.10257e-06,8.05552e-07,5.23238e-07,2.54898e-07
4.89906,-4.86629,6.44637e-06,5.67998e-06,4.94353e-06,4.23588e-06,3.5559e-06,2.90252e-06,2.27471e-06,1.67147e-06,1.09186e-06,5.34947e-07
4.09434,-2.40369,2.79261e-05,2.49211e-05,2.19653e-05,1.90578e-05,1.61979e-05,1.3385e-05,1.06183e-05,7.89709e-06,5.22074e-06,2.58855e-06
4.09434,-2.64372,2.36039e-05,2.10612e-05,1.85607e-05,1.61017e-05,1.36837e-05,1.13059e-05,8.96786e-06,6.66881e-06,4.4082e-06,2.18541e-06
6.33866,-17.8199,3.90752e-11,2.17457e-11,7.12252e-12,-5.21672e-12,-1.56288e-11,-1.56106e-11,-2.13689e-11,-2.62277e-11,-1.58695e-11,-1.79066e-11
5.24564,-6.53593,1.88264e-06,1.64272e-06,1.41605e-06,1.20189e-06,9.99562e-07,8.08411e-07,6.27816e-07,4.572e-07,2.96009e-07,1.43725e-07
4.44092,-3.38944,1.64895e-05,1.46522e-05,1.28595e-05,1.11102e-05,9.40332e-06,7.73796e-06,6.1131e-06,4.52778e-06,2.98107e-06,1.47206e-06
6.83674,-28.7534,-1.96225e-11,-1.96232e-11,-1.96236e-11,-1.96241e-11,-1.96243e-11,-1.96245e-11,-1.96247e-11,-1.96247e-11,-1.96247e-11,-1.96252e-11
5.77799,-10.5366,7.33884e-08,6.24428e-08,5.25088e-08,4.34924e-08,3.53089e-08,2.78811e-08,2.11396e-08,1.50203e-08,9.46656e-09,4.42305e-09
6.29157,-16.8035,1.77693e-10,1.3253e-10,9.41214e-11,5.71578e-11,3.31812e-11,1.27907e-11,-4.55058e-12,-1.17055e-11,-2.14198e-11,-1.55047e-11
6.60956,-23.0864,-1.92322e-11,-1.93201e-11,-1.93903e-11,-1.94467e-11,-1.94917e-11,-1.95277e-11,-1.95568e-11,-1.95799e-11,-1.95983e-11,-1.96132e-11
5.77799,-10.5025,7.51188e-08,6.39154e-08,5.37469e-08,4.45179e-08,3.61415e-08,2.8539e-08,2.16383e-08,1.53749e-08,9.69082e-09,4.529e-09
6.18154,-15.3532,9.14789e-10,6.80952e-10,5.4284e-10,4.23385e-10,3.20066e-10,2.30704e-10,1.53412e-10,7.91112e-11,2.90965e-11,-7.64455e-12
6.66224,-24.2923,-1.94904e-11,-1.95217e-11,-1.95461e-11,-1.95657e-11,-1.9581e-11,-1.95932e-11,-1.9603e-11,-1.96105e-11,-1.96165e-11,-1.96212e-11
6.04025,-13.4301,6.12546e-09,5.08768e-09,4.17266e-09,3.366e-09,2.65514e-09,2.02079e-09,1.2815e-09,8.04741e-10,4.7781e-10,1.89583e-10
6.93443,-31.6207,-1.96247e-11,-1.96247e-11,-1.96247e-11,-1.96247e-11,-1.96252e-11,-1.96252e-11,-1.96252e-11,-1.96252e-11,-1.96252e-11,-1.96252e-11
6.45804,-19.8199,-2.53277e-11,-1.43037e-11,-1.54321e-11,-1.63638e-11,-1.71334e-11,-1.77689e-11,-1.82938e-11,-1.87272e-11,-1.90852e-11,-1.93809e-11
6.55067,-21.8148,-1.84106e-11,-1.86726e-11,-1.88851e-11,-1.90574e-11,-1.91969e-11,-1.93099e-11,-1.94018e-11,-1.94762e-11,-1.95366e-11,-1.95854e-11
6.66224,-24.3122,-1.94917e-11,-1.95226e-11,-1.9547e-11,-1.95661e-11,-1.95814e-11,-1.95937e-11,-1.9603e-11,-1.96105e-11,-1.96165e-11,-1.96212e-11
6.28536,-16.9428,1.6179e-10,1.07807e-10,7.68323e-11,5.04641e-11,2.80167e-11,1.02787e-11,-2.35834e-12,-1.31162e-11,-1.11258e-11,-1.57168e-11
6.72827,-25.9143,-1.9593e-11,-1.96008e-11,-1.96068e-11,-1.96114e-11,-1.9615e-11,-1.96179e-11,-1.96201e-11,-1.96219e-11,-1.96232e-11,-1.96243e-11
6.84497,-28.8464,-1.9623e-11,-1.96234e-11,-1.96239e-11,-1.96243e-11,-1.96243e-11,-1.96245e-11,-1.96247e-11,-1.96247e-11,-1.96247e-11,-1.96252e-11
6.5085,-20.9479,-1.70088e-11,-1.75593e-11,-1.80096e-11,-1.83775e-11,-1.86786e-11,-1.89246e-11,-1.9126e-11,-1.92903e-11,-1.94249e-11,-1.9535e-11
5.59221,-8.81181,3.12743e-07,2.68976e-07,2.28593e-07,1.91333e-07,1.56954e-07,1.25233e-07,9.59662e-08,6.8962e-08,4.4046e-08,2.10577e-08
6.83674,-28.7815,-1.96225e-11,-1.96232e-11,-1.96236e-11,-1.96241e-11,-1.96243e-11,-1.96245e-11,-1.96247e-11,-1.96247e-11,-1.96247e-11,-1.96252e-11
6.07949,-13.7899,4.21915e-09,3.48365e-09,2.83262e-09,2.26619e-09,1.52377e-09,1.16293e-09,7.77428e-10,5.23949e-10,3.01601e-10,1.06562e-10
6.31567,-17.4363,7.54274e-11,5.14446e-11,3.11289e-11,1.39198e-11,2.84506e-12,-6.74683e-12,-1.48721e-11,-1.08211e-11,-1.42539e-11,-1.71618e-11
7.15119,-39.0761,-1.96252e-11,-1.96252e-11,-1.96252e-11,-1.96252e-11,-1.96252e-11,-1.96252e-11,-1.96252e-11,-1.96252e-11,-1.96252e-11,-1.96252e-11
6.07949,-13.9477,3.86243e-09,3.18487e-09,2.59019e-09,2.06846e-09,1.40263e-09,1.06913e-09,7.14361e-10,4.79869e-10,2.74176e-10,8.53333e-11
7.18332,-39.9872,-1.96252e-11,-1.96252e-11,-1.96252e-11,-1.96252e-11,-1.96252e-11,-1.96252e-11,-1.96252e-11,-1.96252e-11,-1.96252e-11,-1.96252e-11
6.31567,-17.4389,7.5252e-11,5.13023e-11,3.10147e-11,1.41032e-11,2.79421e-12,-6.78524e-12,-6.7828e-12,-1.08307e-11,-1.42597e-11,-1.71645e-11
6.2041,-15.6664,6.20647e-10,4.98434e-10,3.93078e-10,3.02256e-10,2.23961e-10,1.56467e-10,8.9224e-11,4.58451e-11,8.44969e-12,-1.51272e-11
6.31567,-17.4363,7.54274e-11,5.14446e-11,3.11289e-11,1.39198e-11,-6.57918e-13,-6.74683e-12,-1.48721e-11,-2.17546e-11,-1.42539e-11,-1.71618e-11
7.0511,-35.1722,-1.96252e-11,-1.96252e-11,-1.96252e-11,-1.96252e-11,-1.96252e-11,-1.96252e-11,-1.96252e-11,-1.96252e-11,-1.96252e-11,-1.96252e-11
5.99768,-12.9162,9.60508e-09,8.02193e-09,6.61873e-09,5.37511e-09,4.26735e-09,3.29057e-09,2.42631e-09,1.43841e-09,8.01218e-10,3.42245e-10
6.4019,-18.8311,-7.82996e-12,-1.35447e-11,-1.83138e-11,-2.22937e-11,-2.56151e-11,-1.47384e-11,-1.60969e-11,-1.72307e-11,-1.81766e-11,-1.89662e-11
6.18154,-15.3407,9.25976e-10,6.8926e-10,5.49609e-10,4.28822e-10,3.24352e-10,2.33994e-10,1.55841e-10,8.05362e-11,2.9976e-11,-7.33924e-12
6.70452,-25.3128,-1.95706e-11,-1.95834e-11,-1.95937e-11,-1.96014e-11,-1.96079e-11,-1.96128e-11,-1.96163e-11,-1.96194e-11,-1.96216e-11,-1.96234e-11
6.63193,-23.4513,-1.93574e-11,-1.9418e-11,-1.94664e-11,-1.95051e-11,-1.95357e-11,-1.95601e-11,-1.95794e-11,-1.9595e-11,-1.96074e-11,-1.96172e-11
7.01756,-34.2856,-1.96252e-11,-1.96252e-11,-1.96252e-11,-1.96252e-11,-1.96252e-11,-1.96252e-11,-1.96252e-11,-1.96252e-11,-1.96252e-11,-1.96252e-11
6.47543,-20.3139,-1.5004e-11,-1.59577e-11,-1.67426e-11,-1.73888e-11,-1.79203e-11,-1.8358e-11,-1.87184e-11,-1.90146e-11,-1.92588e-11,-1.94595e-11
7.00439,-33.8619,-1.96252e-11,-1.96252e-11,-1.96252e-11,-1.96252e-11,-1.96252e-11,-1.96252e-11,-1.96252e-11,-1.96252e-11,-1.96252e-11,-1.96252e-11
6.90091,-30.4646,-1.96243e-11,-1.96247e-11,-1.96247e-11,-1.96247e-11,-1.96247e-11,-1.96247e-11,-1.96247e-11,-1.96252e-11,-1.96252e-11,-1.96252e-11
7.08631,-36.4679,-1.96252e-11,-1.96252e-11,-1.96252e-11,-1.96252e-11,-1.96252e-11,-1.96252e-11,-1.96252e-11,-1.96252e-11,-1.96252e-11,-1.96252e-11
6.74848,-26.4262,-1.96048e-11,-1.96099e-11,-1.96136e-11,-1.96165e-11,-1.96188e-11,-1.96207e-11,-1.96221e-11,-1.9623e-11,-1.96239e-11,-1.96245e-11
6.33866,-17.8044,3.98148e-11,2.23439e-11,7.60148e-12,-4.83857e-12,-8.56426e-12,-1.54428e-11,-2.12468e-11,-1.34086e-11,-1.58409e-11,-1.78932e-11
6.28536,-16.8616,1.80082e-10,1.34621e-10,9.59197e-11,5.85911e-11,3.43561e-11,1.3725e-11,-3.83804e-12,-1.12736e-11,-2.11471e-11,-1.54201e-11
6.2977,-17.141,1.25719e-10,8.21987e-11,5.60467e-11,3.38283e-11,1.49516e-11,-1.08602e-12,-8.07221e-12,-1.70637e-11,-1.25575e-11,-1.63787e-11
5.59221,-8.89351,2.87298e-07,2.47092e-07,2.09994e-07,1.75765e-07,1.44183e-07,1.15043e-07,8.81557e-08,6.33482e-08,4.04589e-08,1.93384e-08
6.29157,-17.0439,1.27713e-10,9.42832e-11,6.58524e-11,4.16742e-11,2.1112e-11,6.1755e-12,-5.37748e-12,-1.52025e-11,-1.18816e-11,-1.60663e-11
6.81986,-28.2976,-1.96212e-11,-1.96221e-11,-1.9623e-11,-1.96234e-11,-1.96239e-11,-1.96243e-11,-1.96243e-11,-1.96247e-11,-1.96247e-11,-1.96247e-11
6.67099,-24.5054,-1.95128e-11,-1.9539e-11,-1.95595e-11,-1.95759e-11,-1.95886e-11,-1.95988e-11,-1.96068e-11,-1.9613e-11,-1.96179e-11,-1.96221e-11
6.69082,-24.967,-1.95508e-11,-1.95683e-11,-1.95821e-11,-1.95928e-11,-1.96012e-11,-1.96079e-11,-1.96132e-11,-1.96172e-11,-1.96205e-11,-1.9623e-11
4.89906,-4.85345,6.52202e-06,5.74665e-06,5.00157e-06,4.28562e-06,3.59767e-06,2.93662e-06,2.30144e-06,1.69112e-06,1.10469e-06,5.41233e-07
6.59295,-22.5835,-1.90459e-11,-1.9174e-11,-1.9277e-11,-1.93598e-11,-1.94262e-11,-1.94798e-11,-1.95226e-11,-1.95572e-11,-1.95848e-11,-1.9607e-11
6.18154,-15.3353,9.24516e-10,6.88181e-10,5.4873e-10,4.28116e-10,3.23795e-10,2.33566e-10,1.55526e-10,8.03542e-11,2.98639e-11,-7.37677e-12
6.33866,-17.8044,3.98146e-11,2.23437e-11,7.60148e-12,-4.83857e-12,-8.56426e-12,-1.54428e-11,-2.12468e-11,-1.34086e-11,-1.58409e-11,-1.78932e-11
5.8998,-11.6791,2.81507e-08,2.37392e-08,1.97854e-08,1.62418e-08,1.30645e-08,1.02184e-08,7.66607e-09,5.37882e-09,3.32586e-09,1.28808e-09
5.99768,-12.6786,1.1377e-08,9.50523e-09,7.84657e-09,6.37686e-09,5.07024e-09,3.91688e-09,2.8892e-09,1.97795e-09,1.03178e-09,4.10154e-10
6.58271,-22.4983,-1.89624e-11,-1.91083e-11,-1.92255e-11,-1.93201e-11,-1.9396e-11,-1.94575e-11,-1.95068e-11,-1.95466e-11,-1.95786e-11,-1.96043e-11
6.98626,-33.2115,-1.96252e-11,-1.96252e-11,-1.96252e-11,-1.96252e-11,-1.96252e-11,-1.96252e-11,-1.96252e-11,-1.96252e-11,-1.96252e-11,-1.96252e-11
6.39693,-18.8438,-8.0238e-12,-1.36848e-11,-8.85159e-12,-1.11773e-11,-1.31199e-11,-1.47427e-11,-1.60978e-11,-1.723e-11,-1.81757e-11,-1.89653e-11
5.77799,-10.5368,7.33768e-08,6.24335e-08,5.2501e-08,4.34859e-08,3.53036e-08,2.7877e-08,2.11365e-08,1.50181e-08,9.46514e-09,4.42235e-09
6.74848,-26.4242,-1.96048e-11,-1.96096e-11,-1.96136e-11,-1.96165e-11,-1.96188e-11,-1.96207e-11,-1.96221e-11,-1.9623e-11,-1.96239e-11,-1.96245e-11
6.65929,-24.2414,-1.94831e-11,-1.95159e-11,-1.95417e-11,-1.95624e-11,-1.95786e-11,-1.95914e-11,-1.96017e-11,-1.96096e-11,-1.96159e-11,-1.9621e-11
6.52036,-21.2082,-1.75302e-11,-1.79741e-11,-1.8336e-11,-1.86315e-11,-1.88725e-11,-1.90692e-11,-1.92295e-11,-1.93603e-11,-1.94671e-11,-1.95541e-11
6.58271,-22.3604,-1.89191e-11,-1.90743e-11,-1.91995e-11,-1.93001e-11,-1.93812e-11,-1.94464e-11,-1.94991e-11,-1.95415e-11,-1.95755e-11,-1.9603e-11
-Inf,-0.843371,-1.96252e-11,-1.96252e-11,-1.96252e-11,-1.96252e-11,-1.96252e-11,-1.96252e-11,-1.96252e-11,-1.96252e-11,-1.96252e-11,-1.96252e-11
6.74848,-26.4249,-1.96048e-11,-1.96096e-11,-1.96136e-11,-1.96165e-11,-1.96188e-11,-1.96207e-11,-1.96221e-11,-1.9623e-11,-1.96239e-11,-1.96245e-11
5.48064,-8.04371,5.73154e-07,4.95567e-07,4.23367e-07,3.56181e-07,2.93659e-07,2.35479e-07,1.81339e-07,1.30958e-07,8.4077e-08,4.04503e-08
7.18228,-40.2182,-1.96252e-11,-1.96252e-11,-1.96252e-11,-1.96252e-11,-1.96252e-11,-1.96252e-11,-1.96252e-11,-1.96252e-11,-1.96252e-11,-1.96252e-11
6.57925,-22.4299,-1.89169e-11,-1.90723e-11,-1.91975e-11,-1.92988e-11,-1.93798e-11,-1.94456e-11,-1.94982e-11,-1.95408e-11,-1.95752e-11,-1.96025e-11
6.06997,-13.8103,4.37142e-09,3.61262e-09,2.94599e-09,2.36051e-09,1.83487e-09,1.21828e-09,8.88339e-10,5.51597e-10,3.19067e-10,1.03545e-10
6.31567,-17.4253,7.66351e-11,5.24241e-11,3.19154e-11,1.45426e-11,3.20965e-12,-6.4706e-12,-1.46707e-11,-2.16167e-11,-1.42071e-11,-1.71403e-11
5.70378,-9.84297,1.31068e-07,1.12038e-07,9.46457e-08,7.87499e-08,6.42221e-08,5.09445e-08,3.88098e-08,2.77189e-08,1.75825e-08,8.3168e-09
6.49224,-20.6232,-1.61391e-11,-1.68656e-11,-1.74616e-11,-1.79505e-11,-1.83515e-11,-1.86806e-11,-1.89506e-11,-1.9172e-11,-1.93539e-11,-1.95026e-11
6.63193,-23.4541,-1.93576e-11,-1.94182e-11,-1.94667e-11,-1.95051e-11,-1.95357e-11,-1.95601e-11,-1.95797e-11,-1.9595e-11,-1.96074e-11,-1.96172e-11
6.33866,-17.743,4.60418e-11,2.73808e-11,1.16336e-11,-1.65379e-12,-6.67866e-12,-1.40177e-11,-2.02109e-11,-1.30014e-11,-1.55929e-11,-1.77796e-11
6.66224,-24.3107,-1.94915e-11,-1.95226e-11,-1.9547e-11,-1.95661e-11,-1.95814e-11,-1.95937e-11,-1.9603e-11,-1.96105e-11,-1.96165e-11,-1.96212e-11
6.68524,-24.8586,-1.9543e-11,-1.95621e-11,-1.95775e-11,-1.95892e-11,-1.95985e-11,-1.96061e-11,-1.96119e-11,-1.96163e-11,-1.96199e-11,-1.9623e-11
6.49224,-20.6232,-1.61391e-11,-1.68656e-11,-1.74616e-11,-1.79505e-11,-1.83515e-11,-1.86806e-11,-1.89506e-11,-1.9172e-11,-1.93539e-11,-1.95026e-11
6.4019,-18.9131,-9.92517e-12,-1.52252e-11,-1.96485e-11,-2.33396e-11,-1.35709e-11,-1.50835e-11,-1.6346e-11,-1.73996e-11,-1.82789e-11,-1.90126e-11
6.3817,-18.5718,-2.66454e-13,-7.39764e-12,-1.33702e-11,-8.82805e-12,-1.12954e-11,-1.33618e-11,-1.50928e-11,-1.65423e-11,-1.77565e-11,-1.87734e-11
6.39693,-18.8412,-7.98739e-12,-1.36553e-11,-1.83895e-11,-1.11682e-11,-1.31128e-11,-1.47371e-11,-1.6094e-11,-1.72271e-11,-1.81739e-11,-1.89646e-11
6.72827,-25.8943,-1.95928e-11,-1.96003e-11,-1.96065e-11,-1.96112e-11,-1.9615e-11,-1.96176e-11,-1.96199e-11,-1.96219e-11,-1.96232e-11,-1.96243e-11
7.0511,-35.4328,-1.96252e-11,-1.96252e-11,-1.96252e-11,-1.96252e-11,-1.96252e-11,-1.96252e-11,-1.96252e-11,-1.96252e-11,-1.96252e-11,-1.96252e-11
6.12457,-14.5316,2.25582e-09,1.84006e-09,1.28757e-09,1.02534e-09,7.32634e-10,5.50498e-10,3.91695e-10,2.53234e-10,1.3251e-10,2.77933e-11
5.8998,-11.7929,2.53142e-08,2.13457e-08,1.77888e-08,1.46007e-08,1.17432e-08,9.18225e-09,6.88471e-09,4.82456e-09,2.97945e-09,1.15943e-09
5.93878,-12.2281,1.74327e-08,1.46492e-08,1.2165e-08,9.94812e-09,7.96982e-09,6.20468e-09,4.62617e-09,3.22254e-09,1.96015e-09,6.96729e-10
6.29157,-17.0436,1.42746e-10,9.42872e-11,6.5856e-11,4.16769e-11,2.1114e-11,6.17617e-12,-5.37659e-12,-1.52021e-11,-1.18816e-11,-1.60663e-11
6.3817,-18.5693,-2.19824e-13,-7.35989e-12,-1.33404e-11,-1.83493e-11,-1.12863e-11,-1.33551e-11,-1.50879e-11,-1.65388e-11,-1.77542e-11,-1.87723e-11
5.93878,-12.1941,1.78444e-08,1.49953e-08,1.24527e-08,1.01838e-08,8.15904e-09,6.35253e-09,4.73691e-09,3.29398e-09,1.99515e-09,7.76194e-10
6.60956,-22.9505,-1.92069e-11,-1.93003e-11,-1.93752e-11,-1.94351e-11,-1.94831e-11,-1.95217e-11,-1.95524e-11,-1.95768e-11,-1.95965e-11,-1.96123e-11
6.93952,-31.81,-1.96247e-11,-1.96247e-11,-1.96247e-11,-1.96252e-11,-1.96252e-11,-1.96252e-11,-1.96252e-11,-1.96252e-11,-1.96252e-11,-1.96252e-11
6.23268,-16.0967,4.06376e-10,3.2118e-10,2.48051e-10,1.8528e-10,1.314e-10,7.78679e-11,4.35358e-11,1.4067e-11,-5.37481e-12,-2.22351e-11
6.66224,-24.1535,-1.94815e-11,-1.95146e-11,-1.95408e-11,-1.95617e-11,-1.95781e-11,-1.95912e-11,-1.96012e-11,-1.96094e-11,-1.96159e-11,-1.9621e-11
6.2977,-17.1397,1.25981e-10,9.0346e-11,6.00704e-11,3.39417e-11,1.504e-11,-1.01918e-12,-1.46625e-11,-1.70393e-11,-2.46883e-11,-1.63751e-11
6.60956,-23.1081,-1.92362e-11,-1.93232e-11,-1.93929e-11,-1.94484e-11,-1.94931e-11,-1.95288e-11,-1.95575e-11,-1.95803e-11,-1.95985e-11,-1.96132e-11
6.12457,-14.5507,2.23207e-09,1.82054e-09,1.27434e-09,1.01465e-09,7.88233e-10,5.44601e-10,3.8732e-10,2.50187e-10,1.30621e-10,2.70466e-11
5.8861,-11.4025,3.41045e-08,2.87927e-08,2.40249e-08,1.97455e-08,1.59045e-08,1.24573e-08,9.36107e-09,6.58249e-09,4.08573e-09,1.58046e-09
6.31567,-17.4386,7.52562e-11,5.13056e-11,3.10172e-11,1.38314e-11,2.7951e-12,-6.78479e-12,-1.48994e-11,-1.08307e-11,-1.42597e-11,-1.71645e-11
4.09434,-2.64369,2.3604e-05,2.10612e-05,1.85607e-05,1.61018e-05,1.36837e-05,1.1306e-05,8.96788e-06,6.66883e-06,4.40821e-06,2.18542e-06
6.80461,-27.8992,-1.96196e-11,-1.9621e-11,-1.96221e-11,-1.9623e-11,-1.96234e-11,-1.96239e-11,-1.96243e-11,-1.96245e-11,-1.96247e-11,-1.96247e-11
6.3817,-18.4123,-8.69971e-13,-1.07931e-11,-1.91041e-11,-1.69185e-11,-2.14406e-11,-2.52283e-11,-2.84004e-11,-1.6305e-11,-1.76126e-11,-1.87077e-11
6.68524,-24.7003,-1.95368e-11,-1.95577e-11,-1.95739e-11,-1.95866e-11,-1.95968e-11,-1.96045e-11,-1.96108e-11,-1.96159e-11,-1.96196e-11,-1.96227e-11
6.33866,-17.7432,4.60432e-11,2.73817e-11,1.16347e-11,-1.65312e-12,-6.67844e-12,-1.40177e-11,-2.02107e-11,-1.30014e-11,-1.55929e-11,-1.77796e-11
6.12457,-14.4698,2.43109e-09,1.98366e-09,1.38302e-09,1.10243e-09,7.87803e-10,5.93062e-10,4.23268e-10,2.75225e-10,1.46146e-10,3.32123e-11
6.2041,-15.6871,6.13212e-10,4.92325e-10,3.88113e-10,2.98276e-10,2.20831e-10,1.54069e-10,8.77272e-11,4.48095e-11,7.81175e-12,-1.53488e-11
6.49636,-20.5538,-1.61351e-11,-1.68643e-11,-1.7462e-11,-1.79519e-11,-1.83533e-11,-1.86824e-11,-1.89524e-11,-1.91733e-11,-1.93547e-11,-1.95031e-11
6.58271,-22.5188,-1.89688e-11,-1.91134e-11,-1.92295e-11,-1.93232e-11,-1.93983e-11,-1.94591e-11,-1.9508e-11,-1.95475e-11,-1.9579e-11,-1.96045e-11
5.51095,-8.26552,4.79332e-07,4.13878e-07,3.53103e-07,2.96674e-07,2.44279e-07,1.95631e-07,1.50461e-07,1.08521e-07,6.9581e-08,3.34241e-08
6.66224,-24.3124,-1.94917e-11,-1.95226e-11,-1.9547e-11,-1.95661e-11,-1.95814e-11,-1.95937e-11,-1.9603e-11,-1.96105e-11,-1.96165e-11,-1.96212e-11
4.89906,-4.86863,6.43698e-06,5.6717e-06,4.93633e-06,4.22971e-06,3.55072e-06,2.89829e-06,2.2714e-06,1.66904e-06,1.09027e-06,5.34171e-07
6.12457,-14.5519,2.2287e-09,1.81776e-09,1.27238e-09,1.01307e-09,7.23863e-10,5.43731e-10,3.86675e-10,2.49738e-10,1.1699e-10,2.69385e-11
6.66224,-24.291,-1.94902e-11,-1.95215e-11,-1.95461e-11,-1.95657e-11,-1.9581e-11,-1.95932e-11,-1.9603e-11,-1.96105e-11,-1.96163e-11,-1.96212e-11
6.76311,-26.651,-1.96083e-11,-1.96125e-11,-1.96159e-11,-1.96181e-11,-1.96199e-11,-1.96212e-11,-1.96225e-11,-1.96234e-11,-1.96241e-11,-1.96245e-11
7.04974,-35.3177,-1.96252e-11,-1.96252e-11,-1.96252e-11,-1.96252e-11,-1.96252e-11,-1.96252e-11,-1.96252e-11,-1.96252e-11,-1.96252e-11,-1.96252e-11
5.85752,-11.2576,4.05489e-08,3.4309e-08,2.86908e-08,2.36326e-08,1.90774e-08,1.49773e-08,1.12847e-08,7.96024e-09,4.96851e-09,2.26635e-09
6.88421,-30.1115,-1.96243e-11,-1.96243e-11,-1.96245e-11,-1.96247e-11,-1.96247e-11,-1.96247e-11,-1.96247e-11,-1.96252e-11,-1.96252e-11,-1.96252e-11
5.8861,-11.6437,2.87472e-08,2.42683e-08,2.02476e-08,1.66385e-08,1.33974e-08,1.04893e-08,7.87937e-09,5.5344e-09,3.43066e-09,1.33726e-09
6.93443,-31.6207,-1.96247e-11,-1.96247e-11,-1.96247e-11,-1.96247e-11,-1.96252e-11,-1.96252e-11,-1.96252e-11,-1.96252e-11,-1.96252e-11,-1.96252e-11
7.08631,-36.4684,-1.96252e-11,-1.96252e-11,-1.96252e-11,-1.96252e-11,-1.96252e-11,-1.96252e-11,-1.96252e-11,-1.96252e-11,-1.96252e-11,-1.96252e-11
5.99768,-12.9183,9.59004e-09,8.00933e-09,6.60829e-09,5.36657e-09,4.26627e-09,3.29164e-09,2.42229e-09,1.43597e-09,7.99848e-10,3.41602e-10
6.5085,-20.9678,-1.70344e-11,-1.75793e-11,-1.80251e-11,-1.83897e-11,-1.86877e-11,-1.89315e-11,-1.91307e-11,-1.92937e-11,-1.94269e-11,-1.95359e-11
5.48064,-7.962,6.23891e-07,5.39437e-07,4.60846e-07,3.87713e-07,3.19657e-07,2.56327e-07,1.97395e-07,1.42555e-07,9.15228e-08,4.40355e-08
6.47114,-20.2271,-1.46403e-11,-1.56666e-11,-1.65117e-11,-1.7208e-11,-1.77818e-11,-1.82541e-11,-1.86433e-11,-1.89639e-11,-1.92282e-11,-1.94458e-11
7.00587,-33.8433,-1.96252e-11,-1.96252e-11,-1.96252e-11,-1.96252e-11,-1.96252e-11,-1.96252e-11,-1.96252e-11,-1.96252e-11,-1.96252e-11,-1.96252e-11
6.45804,-19.8199,-2.53277e-11,-1.43037e-11,-1.54321e-11,-1.63638e-11,-1.71334e-11,-1.77689e-11,-1.82938e-11,-1.87272e-11,-1.90852e-11,-1.93809e-11
6.58271,-22.3308,-1.89064e-11,-1.90645e-11,-1.91918e-11,-1.92943e-11,-1.93769e-11,-1.94433e-11,-1.94968e-11,-1.95399e-11,-1.95746e-11,-1.96025e-11
5.70378,-9.84316,1.31066e-07,1.12037e-07,9.46444e-08,7.87489e-08,6.42213e-08,5.09439e-08,3.88093e-08,2.77186e-08,1.75823e-08,8.31669e-09
6.4019,-18.8516,-8.13039e-12,-1.37861e-11,-1.85052e-11,-2.24438e-11,-1.31739e-11,-1.4786e-11,-1.61313e-11,-1.72538e-11,-1.81908e-11,-1.89726e-11
5.37682,-7.31249,1.02214e-06,8.87621e-07,7.61544e-07,6.43382e-07,5.32639e-07,4.28849e-07,3.31576e-07,2.40411e-07,1.54971e-07,7.4897e-08
5.72339,-10.0084,1.14283e-07,9.75754e-08,8.23326e-08,6.84264e-08,5.57397e-08,4.41654e-08,3.36061e-08,2.39727e-08,1.51831e-08,7.16279e-09
5.24564,-6.27922,2.25156e-06,1.96466e-06,1.69358e-06,1.43747e-06,1.1955e-06,9.66888e-07,7.50902e-07,5.4684e-07,3.54053e-07,1.71912e-07
6.92756,-31.3602,-1.96247e-11,-1.96247e-11,-1.96247e-11,-1.96247e-11,-1.96247e-11,-1.96252e-11,-1.96252e-11,-1.96252e-11,-1.96252e-11,-1.96252e-11
5.24564,-6.53535,1.88294e-06,1.64298e-06,1.41627e-06,1.20208e-06,9.99719e-07,8.08537e-07,6.27914e-07,4.57271e-07,2.96054e-07,1.43747e-07
6.29157,-17.0439,1.27738e-10,9.43032e-11,6.58689e-11,4.16869e-11,2.11218e-11,6.18083e-12,-5.37348e-12,-1.51998e-11,-1.18809e-11,-1.60658e-11
6.2977,-17.1433,1.12728e-10,8.19937e-11,5.5882e-11,3.36975e-11,1.48952e-11,2.45581e-12,-8.11262e-12,-8.07354e-12,-1.25657e-11,-1.63825e-11
5.24564,-6.536,1.88291e-06,1.64295e-06,1.41625e-06,1.20206e-06,9.99704e-07,8.08525e-07,6.27905e-07,4.57264e-07,2.9605e-07,1.43745e-07
6.66224,-24.311,-1.94915e-11,-1.95226e-11,-1.9547e-11,-1.95661e-11,-1.95812e-11,-1.95937e-11,-1.9603e-11,-1.96105e-11,-1.96165e-11,-1.96212e-11
6.82201,-28.22,-1.96212e-11,-1.96221e-11,-1.9623e-11,-1.96234e-11,-1.96239e-11,-1.96243e-11,-1.96243e-11,-1.96247e-11,-1.96247e-11,-1.96247e-11
4.44092,-3.38937,1.64921e-05,1.46545e-05,1.28614e-05,1.11119e-05,9.40478e-06,7.73916e-06,6.11405e-06,4.52848e-06,2.98153e-06,1.47229e-06
6.5085,-20.8103,-1.68376e-11,-1.74238e-11,-1.79035e-11,-1.82958e-11,-1.86167e-11,-1.88787e-11,-1.90932e-11,-1.92686e-11,-1.9412e-11,-1.9529e-11
5.77799,-10.5372,7.33869e-08,6.2442e-08,5.25081e-08,4.34918e-08,3.53084e-08,2.78807e-08,2.11394e-08,1.50201e-08,9.46643e-09,4.42298e-09
6.49636,-20.5671,-1.61693e-11,-1.68914e-11,-1.74829e-11,-1.79681e-11,-1.83658e-11,-1.86915e-11,-1.89586e-11,-1.91778e-11,-1.93572e-11,-1.95044e-11
4.09434,-2.64144,2.36408e-05,2.10941e-05,1.85897e-05,1.61269e-05,1.37051e-05,1.13237e-05,8.98192e-06,6.67928e-06,4.41512e-06,2.18884e-06
4.44092,-3.38719,1.65183e-05,1.46778e-05,1.28819e-05,1.11296e-05,9.41976e-06,7.7515e-06,6.1238e-06,4.5357e-06,2.98629e-06,1.47463e-06
6.66224,-24.3124,-1.94917e-11,-1.95226e-11,-1.9547e-11,-1.95661e-11,-1.95814e-11,-1.95937e-11,-1.9603e-11,-1.96105e-11,-1.96165e-11,-1.96212e-11
6.31567,-17.4391,7.5272e-11,5.13185e-11,3.10276e-11,1.38396e-11,2.79954e-12,-6.78124e-12,-1.4897e-11,-1.083e-11,-1.42593e-11,-1.71643e-11
6.18154,-15.1976,9.9439e-10,7.40161e-10,5.9108e-10,4.62137e-10,3.50612e-10,2.54152e-10,1.70722e-10,8.9343e-11,3.54126e-11,-5.41123e-12
6.80461,-27.8903,-1.96196e-11,-1.9621e-11,-1.96221e-11,-1.9623e-11,-1.96234e-11,-1.96239e-11,-1.96243e-11,-1.96245e-11,-1.96247e-11,-1.96247e-11
6.98626,-33.1913,-1.96252e-11,-1.96252e-11,-1.96252e-11,-1.96252e-11,-1.96252e-11,-1.96252e-11,-1.96252e-11,-1.96252e-11,-1.96252e-11,-1.96252e-11
6.58615,-22.5713,-1.90044e-11,-1.91411e-11,-1.92513e-11,-1.93399e-11,-1.94111e-11,-1.94684e-11,-1.95146e-11,-1.95519e-11,-1.95817e-11,-1.96057e-11
7.21351,-41.3958,-1.96252e-11,-1.96252e-11,-1.96252e-11,-1.96252e-11,-1.96252e-11,-1.96252e-11,-1.96252e-11,-1.96252e-11,-1.96252e-11,-1.96252e-11
7.11921,-37.6519,-1.96252e-11,-1.96252e-11,-1.96252e-11,-1.96252e-11,-1.96252e-11,-1.96252e-11,-1.96252e-11,-1.96252e-11,-1.96252e-11,-1.96252e-11
6.04025,-13.4229,6.12348e-09,5.08452e-09,4.16826e-09,3.36035e-09,2.64832e-09,2.02144e-09,1.28194e-09,8.75931e-10,4.7798e-10,1.89663e-10
-Inf,-0.57639,-1.96252e-11,-1.96252e-11,-1.96252e-11,-1.96252e-11,-1.96252e-11,-1.96252e-11,-1.96252e-11,-1.96252e-11,-1.96252e-11,-1.96252e-11
4.44092,-3.38929,1.64892e-05,1.4652e-05,1.28592e-05,1.111e-05,9.40315e-06,7.73782e-06,6.11299e-06,4.5277e-06,2.98102e-06,1.47203e-06
5.13407,-5.93207,2.97618e-06,2.60614e-06,2.2544e-06,1.92006e-06,1.60226e-06,1.30019e-06,1.01306e-06,7.40154e-07,4.80755e-07,2.342e-07
6.3817,-18.5512,1.16351e-13,-7.08988e-12,-1.31253e-11,-1.81803e-11,-1.12133e-11,-1.33002e-11,-1.5048e-11,-1.65119e-11,-1.7738e-11,-1.8765e-11
5.8998,-11.788,2.53895e-08,2.14092e-08,1.78417e-08,1.46442e-08,1.17782e-08,9.20731e-09,6.90545e-09,4.83926e-09,2.98873e-09,1.16321e-09
6.63193,-23.597,-1.93738e-11,-1.94307e-11,-1.94762e-11,-1.95124e-11,-1.95413e-11,-1.95639e-11,-1.95823e-11,-1.9597e-11,-1.96083e-11,-1.96176e-11
6.72569,-25.8479,-1.95912e-11,-1.95992e-11,-1.96057e-11,-1.96105e-11,-1.96145e-11,-1.96174e-11,-1.96199e-11,-1.96216e-11,-1.9623e-11,-1.96241e-11
6.62247,-23.3971,-1.93243e-11,-1.9392e-11,-1.94462e-11,-1.94893e-11,-1.95239e-11,-1.95515e-11,-1.95732e-11,-1.9591e-11,-1.96048e-11,-1.96161e-11
6.81121,-27.923,-1.96199e-11,-1.96212e-11,-1.96221e-11,-1.9623e-11,-1.96234e-11,-1.96241e-11,-1.96243e-11,-1.96245e-11,-1.96247e-11,-1.96247e-11
6.2041,-15.6869,6.13098e-10,4.9223e-10,3.88036e-10,2.98214e-10,2.20783e-10,1.37483e-10,8.77054e-11,4.47944e-11,9.42135e-12,-7.04858e-12
6.23268,-16.1148,4.01854e-10,3.17476e-10,2.45049e-10,1.82881e-10,1.16269e-10,7.66487e-11,4.26401e-11,1.34486e-11,-5.66081e-12,-1.11817e-11
6.63193,-23.5985,-1.93741e-11,-1.94309e-11,-1.94764e-11,-1.95124e-11,-1.95413e-11,-1.95641e-11,-1.95823e-11,-1.9597e-11,-1.96083e-11,-1.96176e-11
6.91352,-30.9752,-1.96247e-11,-1.96247e-11,-1.96247e-11,-1.96247e-11,-1.96247e-11,-1.96247e-11,-1.96252e-11,-1.96252e-11,-1.96252e-11,-1.96252e-11
6.44002,-19.6225,-2.22895e-11,-2.52047e-11,-1.42775e-11,-1.54556e-11,-1.64317e-11,-1.72409e-11,-1.79115e-11,-1.8467e-11,-1.89273e-11,-1.93088e-11
6.65929,-24.2419,-1.94831e-11,-1.95159e-11,-1.95417e-11,-1.95624e-11,-1.95786e-11,-1.95914e-11,-1.96017e-11,-1.96096e-11,-1.96159e-11,-1.9621e-11
7.04017,-34.8507,-1.96252e-11,-1.96252e-11,-1.96252e-11,-1.96252e-11,-1.96252e-11,-1.96252e-11,-1.96252e-11,-1.96252e-11,-1.96252e-11,-1.96252e-11
6.58271,-22.3604,-1.89191e-11,-1.90743e-11,-1.91995e-11,-1.93001e-11,-1.93812e-11,-1.94464e-11,-1.94991e-11,-1.95415e-11,-1.95755e-11,-1.9603e-11
6.79343,-27.5686,-1.96176e-11,-1.96196e-11,-1.9621e-11,-1.96221e-11,-1.9623e-11,-1.96234e-11,-1.96241e-11,-1.96243e-11,-1.96247e-11,-1.96247e-11
6.81986,-28.3148,-1.96212e-11,-1.96221e-11,-1.9623e-11,-1.96234e-11,-1.96241e-11,-1.96243e-11,-1.96243e-11,-1.96247e-11,-1.96247e-11,-1.96247e-11
6.81986,-28.2934,-1.96212e-11,-1.96221e-11,-1.9623e-11,-1.96234e-11,-1.96239e-11,-1.96243e-11,-1.96243e-11,-1.96247e-11,-1.96247e-11,-1.96247e-11
5.99768,-12.9049,9.70302e-09,8.10384e-09,6.68645e-09,5.43026e-09,4.31714e-09,3.33117e-09,2.45165e-09,1.45302e-09,8.80794e-10,3.4612e-10
5.85752,-11.2576,4.0549e-08,3.4309e-08,2.86909e-08,2.36316e-08,1.90775e-08,1.49773e-08,1.12847e-08,7.96026e-09,4.96852e-09,2.26636e-09
6.47114,-20.2289,-1.46456e-11,-1.56708e-11,-1.65152e-11,-1.72107e-11,-1.77838e-11,-1.82556e-11,-1.86446e-11,-1.89648e-11,-1.92286e-11,-1.9446e-11
6.72827,-25.9145,-1.9593e-11,-1.96008e-11,-1.96068e-11,-1.96114e-11,-1.9615e-11,-1.96179e-11,-1.96201e-11,-1.96219e-11,-1.96232e-11,-1.96243e-11
6.70452,-25.3214,-1.95708e-11,-1.95837e-11,-1.95937e-11,-1.96017e-11,-1.96079e-11,-1.96128e-11,-1.96165e-11,-1.96194e-11,-1.96219e-11,-1.96234e-11
6.84293,-28.7864,-1.96227e-11,-1.96234e-11,-1.96236e-11,-1.96241e-11,-1.96243e-11,-1.96245e-11,-1.96247e-11,-1.96247e-11,-1.96247e-11,-1.96252e-11
6.8766,-29.908,-1.96241e-11,-1.96243e-11,-1.96245e-11,-1.96247e-11,-1.96247e-11,-1.96247e-11,-1.96247e-11,-1.96247e-11,-1.96252e-11,-1.96252e-11
6.5085,-20.8076,-1.68345e-11,-1.74216e-11,-1.79017e-11,-1.82945e-11,-1.86153e-11,-1.8878e-11,-1.90927e-11,-1.92681e-11,-1.94116e-11,-1.9529e-11
7.14338,-38.7126,-1.96252e-11,-1.96252e-11,-1.96252e-11,-1.96252e-11,-1.96252e-11,-1.96252e-11,-1.96252e-11,-1.96252e-11,-1.96252e-11,-1.96252e-11
6.52811,-21.3533,-1.77864e-11,-1.81777e-11,-1.84968e-11,-1.87563e-11,-1.89677e-11,-1.914e-11,-1.92801e-11,-1.93945e-11,-1.94875e-11,-1.95635e-11
6.97851,-33.0203,-1.96252e-11,-1.96252e-11,-1.96252e-11,-1.96252e-11,-1.96252e-11,-1.96252e-11,-1.96252e-11,-1.96252e-11,-1.96252e-11,-1.96252e-11
5.59221,-8.89352,2.87297e-07,2.47091e-07,2.09994e-07,1.75765e-07,1.44183e-07,1.15043e-07,8.81555e-08,6.33481e-08,4.04588e-08,1.93383e-08
6.29157,-17.0301,1.45044e-10,9.58709e-11,6.71307e-11,4.26892e-11,2.19031e-11,4.22573e-12,-5.04841e-12,-1.49767e-11,-1.18052e-11,-1.60312e-11
6.18154,-15.3532,9.14789e-10,6.80952e-10,5.4284e-10,4.23385e-10,3.20066e-10,2.30703e-10,1.53412e-10,7.91109e-11,2.90967e-11,-7.64455e-12
6.33866,-17.743,4.60416e-11,2.73805e-11,1.16334e-11,-1.65401e-12,-6.67866e-12,-1.40177e-11,-2.02109e-11,-1.30014e-11,-1.55929e-11,-1.77796e-11
6.76311,-26.8023,-1.96105e-11,-1.96141e-11,-1.9617e-11,-1.9619e-11,-1.96207e-11,-1.96219e-11,-1.9623e-11,-1.96236e-11,-1.96243e-11,-1.96247e-11
7.00882,-33.9412,-1.96252e-11,-1.96252e-11,-1.96252e-11,-1.96252e-11,-1.96252e-11,-1.96252e-11,-1.96252e-11,-1.96252e-11,-1.96252e-11,-1.96252e-11
7.15778,-39.1914,-1.96252e-11,-1.96252e-11,-1.96252e-11,-1.96252e-11,-1.96252e-11,-1.96252e-11,-1.96252e-11,-1.96252e-11,-1.96252e-11,-1.96252e-11
5.95113,-12.3677,1.54531e-08,1.29701e-08,1.07573e-08,8.78524e-09,7.02796e-09,5.46233e-09,4.06258e-09,2.82184e-09,1.48117e-09,6.05876e-10
4.89906,-4.84766,6.51467e-06,5.74018e-06,4.99594e-06,4.28079e-06,3.59361e-06,2.93331e-06,2.29884e-06,1.68921e-06,1.10344e-06,5.40622e-07
6.44002,-19.5542,-2.13234e-11,-2.4434e-11,-1.39269e-11,-1.51825e-11,-1.62226e-11,-1.70846e-11,-1.77991e-11,-1.83911e-11,-1.88816e-11,-1.92881e-11
6.07949,-13.8639,4.22579e-09,3.48407e-09,2.83719e-09,2.26991e-09,1.52631e-09,1.1649e-09,8.47884e-10,5.24868e-10,3.02173e-10,1.06829e-10
6.18154,-15.3553,9.13536e-10,6.80023e-10,5.42084e-10,4.22777e-10,3.19587e-10,2.30336e-10,1.53141e-10,7.89533e-11,2.89992e-11,-7.67786e-12
6.70452,-25.3108,-1.95703e-11,-1.95834e-11,-1.95937e-11,-1.96014e-11,-1.96079e-11,-1.96125e-11,-1.96163e-11,-1.96194e-11,-1.96216e-11,-1.96234e-11
5.59221,-8.78978,3.16801e-07,2.72466e-07,2.31559e-07,1.93815e-07,1.5899e-07,1.26857e-07,9.72106e-08,6.98562e-08,4.4617e-08,2.13309e-08
6.17379,-15.2437,9.31807e-10,7.56699e-10,6.05076e-10,4.73786e-10,3.60105e-10,2.61669e-10,1.56862e-10,9.30191e-11,3.77378e-11,-4.50884e-12
6.07949,-13.9339,3.9091e-09,3.22356e-09,2.62187e-09,2.09397e-09,1.41953e-09,1.08221e-09,7.86318e-10,4.86007e-10,2.77995e-10,9.55314e-11
6.55434,-21.8303,-1.84164e-11,-1.86777e-11,-1.88896e-11,-1.9061e-11,-1.92e-11,-1.93126e-11,-1.94036e-11,-1.94775e-11,-1.95373e-11,-1.95857e-11
4.44092,-3.38919,1.64895e-05,1.46522e-05,1.28594e-05,1.11101e-05,9.40332e-06,7.73796e-06,6.1131e-06,4.52778e-06,2.98107e-06,1.47206e-06
6.23268,-16.102,4.07051e-10,3.21732e-10,2.48499e-10,1.85638e-10,1.31681e-10,7.80467e-11,4.36673e-11,1.41573e-11,-5.33484e-12,-1.10987e-11
6.66224,-24.3127,-1.94917e-11,-1.95226e-11,-1.9547e-11,-1.95661e-11,-1.95814e-11,-1.95937e-11,-1.9603e-11,-1.96105e-11,-1.96165e-11,-1.96212e-11
6.63193,-23.6118,-1.93765e-11,-1.94329e-11,-1.94778e-11,-1.95135e-11,-1.95419e-11,-1.95648e-11,-1.95826e-11,-1.95972e-11,-1.96085e-11,-1.96176e-11
5.48064,-8.03019,5.79881e-07,5.01383e-07,4.28336e-07,3.6036e-07,2.97104e-07,2.38241e-07,1.83466e-07,1.32494e-07,8.50622e-08,4.09242e-08
6.42606,-19.3622,-1.85685e-11,-2.22071e-11,-1.28708e-11,-1.4349e-11,-1.55771e-11,-1.65974e-11,-1.74452e-11,-1.81495e-11,-1.87348e-11,-1.92211e-11
6.45804,-19.9644,-1.33489e-11,-1.4631e-11,-1.56899e-11,-1.65643e-11,-1.72866e-11,-1.7883e-11,-1.83755e-11,-1.87825e-11,-1.91185e-11,-1.93958e-11
6.47114,-20.2296,-1.46507e-11,-1.56748e-11,-1.65181e-11,-1.72131e-11,-1.77856e-11,-1.8257e-11,-1.86453e-11,-1.89655e-11,-1.92291e-11,-1.94462e-11
6.81121,-27.923,-1.96199e-11,-1.96212e-11,-1.96223e-11,-1.9623e-11,-1.96234e-11,-1.96241e-11,-1.96243e-11,-1.96245e-11,-1.96247e-11,-1.96247e-11
5.51095,-8.26311,4.80022e-07,4.14473e-07,3.53611e-07,2.971e-07,2.4463e-07,1.95912e-07,1.50677e-07,1.08677e-07,6.96802e-08,3.34716e-08
6.59632,-22.7315,-1.90821e-11,-1.92024e-11,-1.92992e-11,-1.93769e-11,-1.94391e-11,-1.94893e-11,-1.95295e-11,-1.95617e-11,-1.95874e-11,-1.96083e-11
6.59632,-22.732,-1.90821e-11,-1.92024e-11,-1.92992e-11,-1.93769e-11,-1.94391e-11,-1.94893e-11,-1.95295e-11,-1.95617e-11,-1.95874e-11,-1.96083e-11
6.47114,-20.2297,-1.46507e-11,-1.56748e-11,-1.65181e-11,-1.72131e-11,-1.77853e-11,-1.8257e-11,-1.86453e-11,-1.89655e-11,-1.92291e-11,-1.94462e-11
6.14978,-14.9024,1.39118e-09,1.1363e-09,8.40708e-10,6.64888e-10,5.12128e-10,3.79402e-10,2.64082e-10,1.63887e-10,7.07006e-11,7.45359e-12
6.39693,-18.8436,-8.0238e-12,-1.36846e-11,-8.85159e-12,-1.11773e-11,-1.31199e-11,-1.47427e-11,-1.60978e-11,-1.723e-11,-1.81757e-11,-1.89653e-11
6.14978,-14.7439,1.75495e-09,1.23539e-09,9.95835e-10,7.2382e-10,5.58717e-10,4.15267e-10,2.90631e-10,1.82341e-10,8.04354e-11,9.79727e-12
5.70378,-9.68537,1.42654e-07,1.21943e-07,1.03013e-07,8.5713e-08,6.99018e-08,5.54507e-08,4.22443e-08,3.01741e-08,1.91425e-08,9.06101e-09
6.49636,-20.725,-1.64133e-11,-1.70843e-11,-1.76341e-11,-1.80851e-11,-1.84546e-11,-1.87574e-11,-1.90059e-11,-1.92093e-11,-1.93761e-11,-1.95128e-11
6.73595,-26.0037,-1.95957e-11,-1.9603e-11,-1.96083e-11,-1.96128e-11,-1.96159e-11,-1.96185e-11,-1.96207e-11,-1.96221e-11,-1.96234e-11,-1.96243e-11
7.09629,-36.8958,-1.96252e-11,-1.96252e-11,-1.96252e-11,-1.96252e-11,-1.96252e-11,-1.96252e-11,-1.96252e-11,-1.96252e-11,-1.96252e-11,-1.96252e-11
6.87469,-29.7863,-1.96241e-11,-1.96243e-11,-1.96243e-11,-1.96245e-11,-1.96247e-11,-1.96247e-11,-1.96247e-11,-1.96247e-11,-1.96252e-11,-1.96252e-11
6.98472,-33.1414,-1.96252e-11,-1.96252e-11,-1.96252e-11,-1.96252e-11,-1.96252e-11,-1.96252e-11,-1.96252e-11,-1.96252e-11,-1.96252e-11,-1.96252e-11
6.44002,-19.4781,-2.13236e-11,-1.24121e-11,-1.39271e-11,-1.51825e-11,-1.62226e-11,-1.70846e-11,-1.77991e-11,-1.83911e-11,-1.88816e-11,-1.92881e-11
5.37682,-7.33375,1.01008e-06,8.77148e-07,7.5256e-07,6.35793e-07,5.26356e-07,4.23793e-07,3.27667e-07,2.37578e-07,1.53146e-07,7.40153e-08
6.59632,-22.7331,-1.90825e-11,-1.92029e-11,-1.92995e-11,-1.93772e-11,-1.94393e-11,-1.94893e-11,-1.95295e-11,-1.95617e-11,-1.95874e-11,-1.96083e-11
6.83674,-28.7741,-1.96225e-11,-1.96232e-11,-1.96236e-11,-1.96241e-11,-1.96243e-11,-1.96245e-11,-1.96247e-11,-1.96247e-11,-1.96247e-11,-1.96252e-11
6.77264,-27.0309,-1.96132e-11,-1.96163e-11,-1.96185e-11,-1.96201e-11,-1.96214e-11,-1.96225e-11,-1.96234e-11,-1.96239e-11,-1.96243e-11,-1.96247e-11
6.67099,-24.4354,-1.95055e-11,-1.95333e-11,-1.95552e-11,-1.95726e-11,-1.95861e-11,-1.9597e-11,-1.96057e-11,-1.96123e-11,-1.96176e-11,-1.96216e-11
4.09434,-2.62858,2.39141e-05,2.13382e-05,1.8805e-05,1.63138e-05,1.38641e-05,1.14551e-05,9.08624e-06,6.75691e-06,4.46647e-06,2.21431e-06
6.79343,-27.521,-1.96172e-11,-1.96194e-11,-1.96207e-11,-1.96219e-11,-1.96227e-11,-1.96234e-11,-1.96241e-11,-1.96243e-11,-1.96245e-11,-1.96247e-11
6.45804,-19.8959,-2.53277e-11,-1.43037e-11,-1.54321e-11,-1.63638e-11,-1.71334e-11,-1.77689e-11,-1.82938e-11,-1.87272e-11,-1.90852e-11,-1.93809e-11
6.69082,-24.9728,-1.95515e-11,-1.95688e-11,-1.95826e-11,-1.95932e-11,-1.96014e-11,-1.96081e-11,-1.96132e-11,-1.96172e-11,-1.96205e-11,-1.9623e-11
6.39693,-18.6856,-5.78071e-12,-1.1884e-11,-1.6982e-11,-2.12403e-11,-2.47968e-11,-1.43712e-11,-1.58296e-11,-1.70479e-11,-1.80653e-11,-1.89151e-11
6.64428,-23.8126,-1.94169e-11,-1.94647e-11,-1.95022e-11,-1.95324e-11,-1.95561e-11,-1.9575e-11,-1.95901e-11,-1.96021e-11,-1.96114e-11,-1.9619e-11
6.82201,-28.3727,-1.96212e-11,-1.96223e-11,-1.9623e-11,-1.96234e-11,-1.96241e-11,-1.96243e-11,-1.96245e-11,-1.96247e-11,-1.96247e-11,-1.96247e-11
6.05036,-13.5714,5.40522e-09,4.48173e-09,3.66842e-09,2.95228e-09,2.32204e-09,1.76801e-09,1.12051e-09,7.01186e-10,4.12865e-10,1.41781e-10
6.60956,-23.088,-1.92326e-11,-1.93201e-11,-1.93905e-11,-1.94469e-11,-1.9492e-11,-1.95279e-11,-1.95568e-11,-1.95799e-11,-1.95985e-11,-1.96132e-11
6.17379,-15.0819,1.10698e-09,8.99106e-10,6.61167e-10,5.1888e-10,3.95675e-10,2.88994e-10,1.9662e-10,1.16634e-10,4.51039e-11,-6.71108e-12
7.08252,-36.5591,-1.96252e-11,-1.96252e-11,-1.96252e-11,-1.96252e-11,-1.96252e-11,-1.96252e-11,-1.96252e-11,-1.96252e-11,-1.96252e-11,-1.96252e-11
6.38683,-18.6587,-2.98828e-12,-9.60565e-12,-1.51428e-11,-9.65805e-12,-1.19407e-11,-1.38505e-11,-1.54485e-11,-1.67859e-11,-1.7905e-11,-1.88414e-11
5.72339,-9.86368,1.22961e-07,1.04985e-07,8.85854e-08,7.3624e-08,5.99748e-08,4.75226e-08,3.61619e-08,2.57977e-08,1.6342e-08,7.71622e-09
5.51095,-8.24282,4.85598e-07,4.19287e-07,3.57717e-07,3.0055e-07,2.4747e-07,1.98186e-07,1.52425e-07,1.09938e-07,7.04881e-08,3.38598e-08
5.51095,-8.25178,4.84897e-07,4.18683e-07,3.57202e-07,3.00117e-07,2.47114e-07,1.97901e-07,1.52207e-07,1.0978e-07,7.03875e-08,3.38117e-08
6.34425,-17.9199,3.15876e-11,1.55107e-11,5.06795e-12,-3.73568e-12,-1.11573e-11,-8.26339e-12,-1.13693e-11,-1.39877e-11,-1.61955e-11,-1.80562e-11
6.18154,-15.1974,9.94408e-10,7.40174e-10,5.9109e-10,4.62145e-10,3.50619e-10,2.54157e-10,1.70726e-10,8.9345e-11,3.54139e-11,-5.41123e-12
6.66224,-24.3106,-1.94915e-11,-1.95226e-11,-1.9547e-11,-1.95661e-11,-1.95814e-11,-1.95937e-11,-1.9603e-11,-1.96105e-11,-1.96165e-11,-1.96212e-11
6.57925,-22.3582,-1.88689e-11,-1.9035e-11,-1.91687e-11,-1.92766e-11,-1.93634e-11,-1.94333e-11,-1.94897e-11,-1.95353e-11,-1.95719e-11,-1.96012e-11
6.06997,-13.6712,5.08166e-09,4.20512e-09,3.43553e-09,2.75584e-09,2.16288e-09,1.63587e-09,1.02799e-09,6.39729e-10,3.73937e-10,1.40499e-10
6.70452,-25.2868,-1.95699e-11,-1.9583e-11,-1.95932e-11,-1.96012e-11,-1.96076e-11,-1.96125e-11,-1.96163e-11,-1.96194e-11,-1.96216e-11,-1.96234e-11
6.62247,-23.3971,-1.93243e-11,-1.9392e-11,-1.94462e-11,-1.94893e-11,-1.95239e-11,-1.95515e-11,-1.95735e-11,-1.95908e-11,-1.96048e-11,-1.96161e-11
6.88421,-30.1433,-1.96243e-11,-1.96243e-11,-1.96245e-11,-1.96247e-11,-1.96247e-11,-1.96247e-11,-1.96247e-11,-1.96252e-11,-1.96252e-11,-1.96252e-11
6.55434,-21.754,-1.84164e-11,-1.86777e-11,-1.88896e-11,-1.90612e-11,-1.92e-11,-1.93126e-11,-1.94036e-11,-1.94775e-11,-1.95373e-11,-1.95857e-11
6.75585,-26.5951,-1.96079e-11,-1.96119e-11,-1.96152e-11,-1.96176e-11,-1.96199e-11,-1.96212e-11,-1.96223e-11,-1.96234e-11,-1.96241e-11,-1.96245e-11
5.85752,-11.3369,3.72992e-08,3.15583e-08,2.63894e-08,2.17353e-08,1.7545e-08,1.37723e-08,1.03741e-08,7.31372e-09,4.5592e-09,2.07176e-09
6.65929,-24.2434,-1.94833e-11,-1.95159e-11,-1.95417e-11,-1.95624e-11,-1.95786e-11,-1.95914e-11,-1.96017e-11,-1.96096e-11,-1.96159e-11,-1.9621e-11
6.07949,-13.9481,3.86243e-09,3.19101e-09,2.59758e-09,2.07713e-09,1.40263e-09,1.06913e-09,7.14361e-10,4.79869e-10,2.74176e-10,8.53333e-11
6.39693,-18.8439,-8.0238e-12,-1.36846e-11,-8.85159e-12,-1.11775e-11,-1.31199e-11,-1.47427e-11,-1.60978e-11,-1.723e-11,-1.81757e-11,-1.89653e-11
6.62247,-23.3966,-1.93243e-11,-1.9392e-11,-1.94462e-11,-1.94893e-11,-1.95239e-11,-1.95515e-11,-1.95732e-11,-1.9591e-11,-1.96048e-11,-1.96161e-11
6.07949,-13.8662,4.21974e-09,3.48415e-09,2.83304e-09,2.26654e-09,1.52402e-09,1.16313e-09,8.46561e-10,5.24039e-10,3.01658e-10,9.62772e-11
6.39693,-18.7621,-5.77649e-12,-1.18807e-11,-1.69793e-11,-2.12381e-11,-1.26248e-11,-1.43707e-11,-1.58296e-11,-1.70475e-11,-1.80651e-11,-1.89151e-11
6.83674,-28.6123,-1.96223e-11,-1.9623e-11,-1.96234e-11,-1.96241e-11,-1.96243e-11,-1.96243e-11,-1.96247e-11,-1.96247e-11,-1.96247e-11,-1.96247e-11
6.69359,-24.9784,-1.9551e-11,-1.95686e-11,-1.95823e-11,-1.9593e-11,-1.96014e-11,-1.96081e-11,-1.96132e-11,-1.96172e-11,-1.96205e-11,-1.9623e-11
6.28536,-16.9223,1.64312e-10,1.21781e-10,7.82325e-11,5.15765e-11,2.88849e-11,9.56701e-12,-1.99729e-12,-1.28682e-11,-2.21225e-11,-1.56781e-11
5.70378,-9.82301,1.32589e-07,1.13338e-07,9.5743e-08,7.96631e-08,6.49668e-08,5.15352e-08,3.92597e-08,2.80406e-08,1.77865e-08,8.41374e-09
6.07949,-13.948,3.86244e-09,3.18488e-09,2.5902e-09,2.06847e-09,1.40264e-09,1.06913e-09,7.14363e-10,4.7987e-10,2.74177e-10,8.53333e-11
6.9738,-32.7313,-1.96247e-11,-1.96252e-11,-1.96252e-11,-1.96252e-11,-1.96252e-11,-1.96252e-11,-1.96252e-11,-1.96252e-11,-1.96252e-11,-1.96252e-11
6.07949,-13.9483,3.8636e-09,3.18585e-09,2.59101e-09,2.06913e-09,1.40312e-09,1.0695e-09,7.76857e-10,4.80042e-10,2.74284e-10,8.53739e-11
6.38683,-18.6629,-3.07399e-12,-9.67448e-12,-1.51976e-11,-9.68003e-12,-1.19573e-11,-1.38631e-11,-1.54579e-11,-1.67921e-11,-1.79088e-11,-1.88431e-11
6.64428,-23.811,-1.94169e-11,-1.94644e-11,-1.95022e-11,-1.95324e-11,-1.95559e-11,-1.9575e-11,-1.95901e-11,-1.96021e-11,-1.96114e-11,-1.9619e-11
6.44002,-19.6144,-2.22731e-11,-2.51916e-11,-2.76104e-11,-2.96145e-11,-1.64289e-11,-1.72387e-11,-1.79097e-11,-1.84659e-11,-1.89266e-11,-1.93086e-11
4.89906,-4.86853,6.4371e-06,5.67181e-06,4.93642e-06,4.22979e-06,3.55078e-06,2.89834e-06,2.27144e-06,1.66907e-06,1.09029e-06,5.3418e-07
6.44002,-19.6362,-1.1223e-11,-1.29217e-11,-1.43296e-11,-1.54963e-11,-1.64631e-11,-1.72642e-11,-1.79281e-11,-1.84781e-11,-1.89342e-11,-1.93119e-11
6.58271,-22.3308,-1.89064e-11,-1.90645e-11,-1.91918e-11,-1.92943e-11,-1.93769e-11,-1.94433e-11,-1.94968e-11,-1.95399e-11,-1.95746e-11,-1.96025e-11
6.88421,-30.0639,-1.96243e-11,-1.96243e-11,-1.96245e-11,-1.96247e-11,-1.96247e-11,-1.96247e-11,-1.96247e-11,-1.96247e-11,-1.96252e-11,-1.96252e-11
6.4019,-18.9091,-1.6998e-11,-2.38409e-11,-1.9607e-11,-2.33071e-11,-2.63949e-11,-2.89719e-11,-1.63394e-11,-1.7395e-11,-1.8276e-11,-1.90115e-11
6.69359,-25.06,-1.95566e-11,-1.95728e-11,-1.95854e-11,-1.95952e-11,-1.9603e-11,-1.96092e-11,-1.96141e-11,-1.96179e-11,-1.96207e-11,-1.96232e-11
5.24564,-6.43344,2.07321e-06,1.80901e-06,1.55941e-06,1.32358e-06,1.10077e-06,8.90267e-07,6.91391e-07,5.03499e-07,3.25987e-07,1.58282e-07
6.06997,-13.8236,4.31985e-09,3.56981e-09,2.91087e-09,2.33215e-09,1.82426e-09,1.20383e-09,8.06646e-10,5.44805e-10,3.14838e-10,1.01872e-10
6.55067,-21.677,-1.83311e-11,-1.861e-11,-1.88367e-11,-1.90201e-11,-1.91689e-11,-1.92895e-11,-1.93872e-11,-1.94667e-11,-1.95306e-11,-1.95826e-11
6.12457,-14.5523,2.2287e-09,1.81775e-09,1.27237e-09,9.30459e-10,7.23861e-10,5.4373e-10,3.86674e-10,2.49737e-10,1.1699e-10,2.69385e-11
6.24638,-16.3263,3.23532e-10,2.52838e-10,1.92284e-10,1.40417e-10,8.72664e-11,5.43496e-11,2.61546e-11,4.91296e-12,-1.11553e-11,-1.26839e-11
6.42606,-19.2177,-1.7353e-11,-2.12357e-11,-1.24278e-11,-1.4003e-11,-1.53118e-11,-1.63989e-11,-1.73024e-11,-1.80529e-11,-1.86766e-11,-1.91946e-11
6.78659,-27.4183,-1.96165e-11,-1.96188e-11,-1.96203e-11,-1.96216e-11,-1.96225e-11,-1.96232e-11,-1.96239e-11,-1.96243e-11,-1.96245e-11,-1.96247e-11
6.76311,-26.7642,-1.96101e-11,-1.96139e-11,-1.96168e-11,-1.9619e-11,-1.96207e-11,-1.96219e-11,-1.9623e-11,-1.96236e-11,-1.96243e-11,-1.96247e-11
6.67099,-24.4985,-1.95128e-11,-1.9539e-11,-1.95595e-11,-1.95759e-11,-1.95886e-11,-1.95988e-11,-1.96068e-11,-1.9613e-11,-1.96179e-11,-1.96221e-11
6.18154,-15.3556,8.39352e-10,6.79897e-10,5.4198e-10,4.22694e-10,3.19522e-10,2.30286e-10,1.3668e-10,7.89329e-11,2.89866e-11,-7.68141e-12
5.93878,-11.9867,2.06838e-08,1.73838e-08,1.4439e-08,1.18114e-08,9.46689e-09,7.37526e-09,5.50613e-09,3.83856e-09,2.34542e-09,9.00504e-10
6.5085,-20.9527,-1.70064e-11,-1.75573e-11,-1.80078e-11,-1.83764e-11,-1.86775e-11,-1.8924e-11,-1.91254e-11,-1.92901e-11,-1.94249e-11,-1.95348e-11
6.18154,-15.3559,8.39352e-10,6.79897e-10,5.4198e-10,4.22694e-10,3.19522e-10,2.30286e-10,1.3668e-10,7.89329e-11,2.89861e-11,-7.68141e-12
6.44002,-19.6155,-2.22893e-11,-1.28559e-11,-1.42775e-11,-1.54556e-11,-1.64317e-11,-1.72409e-11,-1.79115e-11,-1.8467e-11,-1.89273e-11,-1.93088e-11
5.59221,-8.89372,2.87342e-07,2.4713e-07,2.10026e-07,1.75792e-07,1.44205e-07,1.1506e-07,8.8169e-08,6.33577e-08,4.04649e-08,1.93412e-08
5.70378,-9.84388,1.31048e-07,1.12021e-07,9.46314e-08,7.87381e-08,6.42125e-08,5.09369e-08,3.8804e-08,2.77148e-08,1.75799e-08,8.31555e-09
6.47543,-20.1555,-1.46532e-11,-1.5679e-11,-1.65237e-11,-1.72187e-11,-1.77909e-11,-1.82618e-11,-1.86495e-11,-1.89684e-11,-1.92311e-11,-1.94471e-11
5.59221,-8.89349,2.87297e-07,2.47091e-07,2.09994e-07,1.75765e-07,1.44183e-07,1.15043e-07,8.81556e-08,6.33481e-08,4.04588e-08,1.93383e-08
6.14978,-14.8996,1.39307e-09,1.13786e-09,9.16125e-10,6.65813e-10,5.12858e-10,3.79964e-10,2.64499e-10,1.64176e-10,7.08504e-11,5.34084e-12
6.7435,-26.2973,-1.96023e-11,-1.96079e-11,-1.96123e-11,-1.96154e-11,-1.96181e-11,-1.96199e-11,-1.96216e-11,-1.9623e-11,-1.96236e-11,-1.96243e-11
4.09434,-2.64337,2.36106e-05,2.10671e-05,1.85659e-05,1.61063e-05,1.36876e-05,1.13091e-05,8.9704e-06,6.6707e-06,4.40945e-06,2.18603e-06
6.65929,-24.1597,-1.94724e-11,-1.95075e-11,-1.95355e-11,-1.95577e-11,-1.9575e-11,-1.95888e-11,-1.95999e-11,-1.96083e-11,-1.96152e-11,-1.96207e-11
6.80239,-27.8427,-1.96194e-11,-1.96207e-11,-1.96219e-11,-1.96227e-11,-1.96234e-11,-1.96239e-11,-1.96243e-11,-1.96243e-11,-1.96247e-11,-1.96247e-11
6.69359,-25.0372,-1.95557e-11,-1.95721e-11,-1.95848e-11,-1.9595e-11,-1.9603e-11,-1.96092e-11,-1.96141e-11,-1.96176e-11,-1.96207e-11,-1.96232e-11
6.60956,-22.9498,-1.92069e-11,-1.93003e-11,-1.93752e-11,-1.94351e-11,-1.94831e-11,-1.95217e-11,-1.95524e-11,-1.95768e-11,-1.95965e-11,-1.96123e-11
6.31567,-17.4371,7.54292e-11,5.1446e-11,3.11302e-11,1.39209e-11,2.84528e-12,-6.7466e-12,-1.48719e-11,-1.08211e-11,-1.42539e-11,-1.71618e-11
6.90091,-30.6351,-1.96245e-11,-1.96247e-11,-1.96247e-11,-1.96247e-11,-1.96247e-11,-1.96247e-11,-1.96252e-11,-1.96252e-11,-1.96252e-11,-1.96252e-11
7.16104,-39.2492,-1.96252e-11,-1.96252e-11,-1.96252e-11,-1.96252e-11,-1.96252e-11,-1.96252e-11,-1.96252e-11,-1.96252e-11,-1.96252e-11,-1.96252e-11
6.55067,-21.8334,-1.84213e-11,-1.86811e-11,-1.88916e-11,-1.90623e-11,-1.92006e-11,-1.93128e-11,-1.94038e-11,-1.94775e-11,-1.95373e-11,-1.95857e-11
7.0511,-35.3131,-1.96252e-11,-1.96252e-11,-1.96252e-11,-1.96252e-11,-1.96252e-11,-1.96252e-11,-1.96252e-11,-1.96252e-11,-1.96252e-11,-1.96252e-11
6.55067,-21.7328,-1.83182e-11,-1.86002e-11,-1.88289e-11,-1.90141e-11,-1.91644e-11,-1.92861e-11,-1.93849e-11,-1.94649e-11,-1.95297e-11,-1.95823e-11
6.52811,-21.2081,-1.76659e-11,-1.80829e-11,-1.84226e-11,-1.86993e-11,-1.89244e-11,-1.9108e-11,-1.92577e-11,-1.93792e-11,-1.94786e-11,-1.95592e-11
6.9738,-32.8081,-1.96247e-11,-1.96252e-11,-1.96252e-11,-1.96252e-11,-1.96252e-11,-1.96252e-11,-1.96252e-11,-1.96252e-11,-1.96252e-11,-1.96252e-11
6.69359,-25.0596,-1.95566e-11,-1.95728e-11,-1.95854e-11,-1.95952e-11,-1.9603e-11,-1.96092e-11,-1.96141e-11,-1.96179e-11,-1.96207e-11,-1.96232e-11
6.31567,-17.4348,7.56026e-11,5.15867e-11,3.1243e-11,1.40101e-11,2.89546e-12,-6.70863e-12,-1.48441e-11,-1.08116e-11,-1.42482e-11,-1.71592e-11
6.47543,-20.161,-2.76839e-11,-2.95459e-11,-3.10787e-11,-3.23401e-11,-3.33784e-11,-1.81739e-11,-1.85865e-11,-1.89262e-11,-1.92055e-11,-1.94356e-11
6.58271,-22.36,-1.89191e-11,-1.90743e-11,-1.91995e-11,-1.93001e-11,-1.93812e-11,-1.94464e-11,-1.94991e-11,-1.95415e-11,-1.95755e-11,-1.9603e-11
5.51095,-8.26314,4.80022e-07,4.14473e-07,3.53611e-07,2.971e-07,2.4463e-07,1.95912e-07,1.50677e-07,1.08677e-07,6.96802e-08,3.34716e-08
7.00439,-33.6468,-1.96252e-11,-1.96252e-11,-1.96252e-11,-1.96252e-11,-1.96252e-11,-1.96252e-11,-1.96252e-11,-1.96252e-11,-1.96252e-11,-1.96252e-11
6.17379,-15.2433,1.01492e-09,7.56975e-10,6.053e-10,4.73967e-10,3.60247e-10,2.61778e-10,1.76516e-10,9.30642e-11,3.77658e-11,-4.50062e-12
7.00587,-33.9134,-1.96252e-11,-1.96252e-11,-1.96252e-11,-1.96252e-11,-1.96252e-11,-1.96252e-11,-1.96252e-11,-1.96252e-11,-1.96252e-11,-1.96252e-11
6.73595,-26.1057,-1.95979e-11,-1.96045e-11,-1.96096e-11,-1.96136e-11,-1.96168e-11,-1.96192e-11,-1.9621e-11,-1.96223e-11,-1.96234e-11,-1.96243e-11
6.24638,-16.3279,3.22977e-10,2.52383e-10,1.91916e-10,1.25451e-10,8.70748e-11,5.42035e-11,2.60474e-11,4.85967e-12,-1.11877e-11,-1.26914e-11
6.42606,-19.3553,-1.85685e-11,-1.10916e-11,-1.28708e-11,-1.4349e-11,-1.55771e-11,-1.65974e-11,-1.74452e-11,-1.81495e-11,-1.87348e-11,-1.92211e-11
5.70378,-9.76207,1.42674e-07,1.21959e-07,1.03027e-07,8.57245e-08,6.99111e-08,5.54581e-08,4.22499e-08,3.01781e-08,1.9145e-08,9.06222e-09
6.98626,-33.1348,-1.96252e-11,-1.96252e-11,-1.96252e-11,-1.96252e-11,-1.96252e-11,-1.96252e-11,-1.96252e-11,-1.96252e-11,-1.96252e-11,-1.96252e-11
6.14978,-14.8819,1.40771e-09,1.14996e-09,9.26014e-10,7.31437e-10,5.18541e-10,3.84339e-10,2.67737e-10,1.66427e-10,7.84048e-11,5.88996e-12
6.24638,-16.1695,3.54361e-10,2.7805e-10,2.12686e-10,1.56698e-10,9.81391e-11,6.26446e-11,3.22418e-11,6.20037e-12,-9.19154e-12,-1.21643e-11
6.86888,-29.6162,-1.96239e-11,-1.96243e-11,-1.96243e-11,-1.96245e-11,-1.96247e-11,-1.96247e-11,-1.96247e-11,-1.96247e-11,-1.96252e-11,-1.96252e-11
6.64428,-23.8809,-1.94298e-11,-1.94744e-11,-1.95099e-11,-1.95381e-11,-1.95604e-11,-1.95781e-11,-1.95923e-11,-1.96034e-11,-1.96123e-11,-1.96194e-11
5.77799,-10.5214,7.4344e-08,6.32561e-08,5.31926e-08,4.40587e-08,3.57686e-08,2.82444e-08,2.14149e-08,1.5216e-08,9.59034e-09,4.48156e-09
6.58271,-22.5188,-1.89688e-11,-1.91134e-11,-1.92295e-11,-1.93232e-11,-1.93985e-11,-1.94591e-11,-1.9508e-11,-1.95475e-11,-1.9579e-11,-1.96045e-11
6.62247,-23.2394,-1.93014e-11,-1.93745e-11,-1.94329e-11,-1.94793e-11,-1.95162e-11,-1.95459e-11,-1.95695e-11,-1.95883e-11,-1.96034e-11,-1.96154e-11
6.86693,-29.4813,-1.96236e-11,-1.96241e-11,-1.96243e-11,-1.96245e-11,-1.96247e-11,-1.96247e-11,-1.96247e-11,-1.96247e-11,-1.96252e-11,-1.96252e-11
7.08252,-36.4908,-1.96252e-11,-1.96252e-11,-1.96252e-11,-1.96252e-11,-1.96252e-11,-1.96252e-11,-1.96252e-11,-1.96252e-11,-1.96252e-11,-1.96252e-11
6.52811,-21.3655,-1.78022e-11,-1.81903e-11,-1.85063e-11,-1.87637e-11,-1.89733e-11,-1.9144e-11,-1.92832e-11,-1.93965e-11,-1.94889e-11,-1.95639e-11
6.55067,-21.8349,-1.84224e-11,-1.86819e-11,-1.88922e-11,-1.90628e-11,-1.92011e-11,-1.9313e-11,-1.9404e-11,-1.94778e-11,-1.95373e-11,-1.95857e-11
6.85508,-29.2995,-1.96234e-11,-1.96239e-11,-1.96243e-11,-1.96243e-11,-1.96245e-11,-1.96247e-11,-1.96247e-11,-1.96247e-11,-1.96247e-11,-1.96252e-11
5.85752,-11.3396,3.72517e-08,3.15182e-08,2.63558e-08,2.17077e-08,1.75227e-08,1.37547e-08,1.03608e-08,7.30432e-09,4.55327e-09,2.06896e-09
6.55434,-21.7527,-1.84153e-11,-1.86768e-11,-1.88889e-11,-1.90603e-11,-1.91998e-11,-1.93121e-11,-1.94036e-11,-1.94773e-11,-1.95373e-11,-1.95857e-11
6.96745,-32.6862,-1.96247e-11,-1.96252e-11,-1.96252e-11,-1.96252e-11,-1.96252e-11,-1.96252e-11,-1.96252e-11,-1.96252e-11,-1.96252e-11,-1.96252e-11
5.53953,-8.48038,4.02508e-07,3.47079e-07,2.95724e-07,2.48143e-07,2.04059e-07,1.63216e-07,1.25374e-07,9.03144e-08,5.78319e-08,2.7736e-08
6.06997,-13.8234,4.31992e-09,3.56987e-09,2.91092e-09,2.33219e-09,1.8243e-09,1.20385e-09,8.06662e-10,5.44817e-10,3.14845e-10,1.01874e-10
6.39693,-18.7619,-5.78071e-12,-1.1884e-11,-1.6982e-11,-2.12403e-11,-1.26252e-11,-1.43712e-11,-1.58296e-11,-1.70479e-11,-1.80653e-11,-1.89151e-11
6.69082,-24.9774,-1.95515e-11,-1.95688e-11,-1.95823e-11,-1.95932e-11,-1.96014e-11,-1.96081e-11,-1.96132e-11,-1.96172e-11,-1.96205e-11,-1.9623e-11
6.59632,-22.7937,-1.91154e-11,-1.92284e-11,-1.93192e-11,-1.9392e-11,-1.94507e-11,-1.94975e-11,-1.95355e-11,-1.95657e-11,-1.95897e-11,-1.96092e-11
6.66224,-24.3098,-1.94915e-11,-1.95226e-11,-1.9547e-11,-1.95661e-11,-1.95814e-11,-1.95937e-11,-1.9603e-11,-1.96105e-11,-1.96165e-11,-1.96212e-11
6.42606,-19.3761,-9.0532e-12,-1.11742e-11,-1.29361e-11,-1.44e-11,-1.56162e-11,-1.66267e-11,-1.74663e-11,-1.81639e-11,-1.87435e-11,-1.92248e-11
6.87469,-29.6927,-1.96241e-11,-1.96243e-11,-1.96243e-11,-1.96245e-11,-1.96247e-11,-1.96247e-11,-1.96247e-11,-1.96247e-11,-1.96252e-11,-1.96252e-11
6.2977,-17.1203,1.27808e-10,8.36362e-11,5.72034e-11,3.4746e-11,1.56661e-11,-5.43565e-13,-7.77511e-12,-1.68601e-11,-1.24887e-11,-1.63469e-11
6.47114,-20.2092,-1.46017e-11,-1.56359e-11,-1.64877e-11,-1.71894e-11,-1.77676e-11,-1.82436e-11,-1.86358e-11,-1.89588e-11,-1.92251e-11,-1.94444e-11
6.79343,-27.5822,-1.96179e-11,-1.96196e-11,-1.9621e-11,-1.96221e-11,-1.9623e-11,-1.96234e-11,-1.96241e-11,-1.96243e-11,-1.96247e-11,-1.96247e-11
6.55434,-21.8298,-1.84164e-11,-1.86777e-11,-1.88896e-11,-1.9061e-11,-1.92e-11,-1.93123e-11,-1.94036e-11,-1.94775e-11,-1.95373e-11,-1.95857e-11
5.51095,-8.16292,5.27799e-07,4.55727e-07,3.88807e-07,3.26673e-07,2.68981e-07,2.15413e-07,1.65677e-07,1.19497e-07,7.66193e-08,3.68086e-08
6.72569,-25.7682,-1.95883e-11,-1.95972e-11,-1.96043e-11,-1.96094e-11,-1.96136e-11,-1.9617e-11,-1.96194e-11,-1.96212e-11,-1.9623e-11,-1.96241e-11
6.86888,-29.6183,-1.96239e-11,-1.96241e-11,-1.96243e-11,-1.96245e-11,-1.96247e-11,-1.96247e-11,-1.96247e-11,-1.96247e-11,-1.96247e-11,-1.96252e-11
6.2041,-15.6862,6.13223e-10,4.92334e-10,3.8812e-10,2.98281e-10,2.20835e-10,1.54072e-10,8.77292e-11,4.48108e-11,7.81264e-12,-1.53486e-11
4.89906,-4.69687,7.08768e-06,6.24519e-06,5.43559e-06,4.6576e-06,3.91e-06,3.19162e-06,2.50133e-06,1.83803e-06,1.20068e-06,5.88274e-07
6.17379,-15.2412,1.01613e-09,7.57875e-10,6.06033e-10,4.74557e-10,3.60712e-10,2.62136e-10,1.7678e-10,9.32188e-11,3.7861e-11,-4.46776e-12
6.79343,-27.431,-1.96172e-11,-1.96194e-11,-1.96207e-11,-1.96219e-11,-1.96227e-11,-1.96234e-11,-1.96239e-11,-1.96243e-11,-1.96245e-11,-1.96247e-11
6.89725,-30.448,-1.96243e-11,-1.96245e-11,-1.96247e-11,-1.96247e-11,-1.96247e-11,-1.96247e-11,-1.96247e-11,-1.96252e-11,-1.96252e-11,-1.96252e-11
6.58271,-22.5182,-1.89688e-11,-1.91134e-11,-1.92295e-11,-1.93232e-11,-1.93983e-11,-1.94591e-11,-1.9508e-11,-1.95475e-11,-1.9579e-11,-1.96045e-11
5.24564,-6.53596,1.88294e-06,1.64298e-06,1.41627e-06,1.20208e-06,9.99719e-07,8.08537e-07,6.27914e-07,4.57271e-07,2.96054e-07,1.43747e-07
6.47114,-20.0719,-1.4273e-11,-1.53748e-11,-1.62823e-11,-1.70299e-11,-1.76457e-11,-1.8153e-11,-1.85711e-11,-1.89153e-11,-1.91989e-11,-1.94327e-11
6.18154,-15.356,8.39488e-10,6.80008e-10,5.42071e-10,4.22767e-10,3.19579e-10,2.3033e-10,1.53137e-10,7.89511e-11,2.89977e-11,-7.67786e-12
6.58615,-22.5792,-1.90048e-11,-1.91416e-11,-1.92517e-11,-1.93401e-11,-1.94114e-11,-1.94686e-11,-1.95148e-11,-1.95519e-11,-1.95817e-11,-1.96057e-11
7.30353,-45.2351,-1.96252e-11,-1.96252e-11,-1.96252e-11,-1.96252e-11,-1.96252e-11,-1.96252e-11,-1.96252e-11,-1.96252e-11,-1.96252e-11,-1.96252e-11
6.89725,-30.5071,-1.96243e-11,-1.96247e-11,-1.96247e-11,-1.96247e-11,-1.96247e-11,-1.96247e-11,-1.96247e-11,-1.96252e-11,-1.96252e-11,-1.96252e-11
6.44002,-19.4776,-2.13214e-11,-2.44325e-11,-1.39266e-11,-1.51821e-11,-1.62224e-11,-1.70846e-11,-1.77991e-11,-1.83911e-11,-1.88816e-11,-1.92881e-11
6.76311,-26.7202,-1.96094e-11,-1.96132e-11,-1.96163e-11,-1.96185e-11,-1.96203e-11,-1.96216e-11,-1.96227e-11,-1.96234e-11,-1.96243e-11,-1.96247e-11
6.59295,-22.6488,-1.90412e-11,-1.91704e-11,-1.92744e-11,-1.93578e-11,-1.94249e-11,-1.94786e-11,-1.95219e-11,-1.95566e-11,-1.95846e-11,-1.9607e-11
6.92582,-31.3688,-1.96247e-11,-1.96247e-11,-1.96247e-11,-1.96247e-11,-1.96247e-11,-1.96252e-11,-1.96252e-11,-1.96252e-11,-1.96252e-11,-1.96252e-11
7.07485,-36.1783,-1.96252e-11,-1.96252e-11,-1.96252e-11,-1.96252e-11,-1.96252e-11,-1.96252e-11,-1.96252e-11,-1.96252e-11,-1.96252e-11,-1.96252e-11
6.47114,-20.228,-1.46456e-11,-1.56708e-11,-1.65152e-11,-1.72107e-11,-1.77838e-11,-1.82556e-11,-1.86444e-11,-1.89648e-11,-1.92286e-11,-1.9446e-11
5.72339,-10.0202,1.13119e-07,9.65818e-08,8.14943e-08,6.77297e-08,5.51721e-08,4.37156e-08,3.32636e-08,2.37278e-08,1.50283e-08,7.08936e-09
6.24638,-16.3282,3.23042e-10,2.52437e-10,1.9196e-10,1.40158e-10,8.70966e-11,5.42202e-11,2.60598e-11,4.865e-12,-1.11844e-11,-1.26907e-11
4.09434,-2.58843,2.44525e-05,2.18189e-05,1.9229e-05,1.66819e-05,1.41771e-05,1.1714e-05,9.29173e-06,6.90982e-06,4.56762e-06,2.26449e-06
6.76311,-26.8038,-1.96105e-11,-1.96141e-11,-1.9617e-11,-1.9619e-11,-1.96207e-11,-1.96219e-11,-1.9623e-11,-1.96236e-11,-1.96243e-11,-1.96247e-11
5.70378,-9.83961,1.31422e-07,1.1234e-07,9.49007e-08,7.8962e-08,6.4395e-08,5.10815e-08,3.8914e-08,2.77933e-08,1.76297e-08,8.33928e-09
6.88421,-30.1304,-1.96243e-11,-1.96243e-11,-1.96245e-11,-1.96247e-11,-1.96247e-11,-1.96247e-11,-1.96247e-11,-1.96252e-11,-1.96252e-11,-1.96252e-11
5.70378,-9.84331,1.31068e-07,1.12038e-07,9.46457e-08,7.87499e-08,6.42221e-08,5.09445e-08,3.88098e-08,2.77189e-08,1.75825e-08,8.3168e-09
6.58271,-22.5182,-1.89688e-11,-1.91134e-11,-1.92295e-11,-1.93232e-11,-1.93985e-11,-1.94591e-11,-1.9508e-11,-1.95475e-11,-1.9579e-11,-1.96045e-11
7.16104,-39.2401,-1.96252e-11,-1.96252e-11,-1.96252e-11,-1.96252e-11,-1.96252e-11,-1.96252e-11,-1.96252e-11,-1.96252e-11,-1.96252e-11,-1.96252e-11
5.70378,-9.76193,1.42676e-07,1.21961e-07,1.03029e-07,8.57259e-08,6.99123e-08,5.5459e-08,4.22506e-08,3.01786e-08,1.91453e-08,9.06236e-09
6.66224,-24.3125,-1.94917e-11,-1.95226e-11,-1.9547e-11,-1.95661e-11,-1.95814e-11,-1.95937e-11,-1.9603e-11,-1.96105e-11,-1.96165e-11,-1.96212e-11
